DDT Code,DDT Name,IW Code
KA01,Nema Auto Spares,WKA0114959
KA01,Nema Auto Spares,WKA0114957
KA01,Nema Auto Spares,WKA0114953
KA01,Nema Auto Spares,WKA0115000
KA01,Nema Auto Spares,WKA0120540
KA01,Nema Auto Spares,WKA0114986
KA01,Nema Auto Spares,WKA0111744
KA01,Nema Auto Spares,WKA0157602
KA01,Nema Auto Spares,WKA0114955
KA01,Nema Auto Spares,WKA0115710
KA01,Nema Auto Spares,WKA0118811
KA01,Nema Auto Spares,WKA0120110
KA01,Nema Auto Spares,WKA0114965
KA01,Nema Auto Spares,WKA0110022
KA01,Nema Auto Spares,WKA0114961
KA01,Nema Auto Spares,WKA0120862
KA01,Nema Auto Spares,WKA0114976
KA01,Nema Auto Spares,WKA0160281
KA01,Nema Auto Spares,WKA0115714
KA01,Nema Auto Spares,WKA0157713
KA01,Nema Auto Spares,WKA0125849
KA01,Nema Auto Spares,WKA0128628
KA01,Nema Auto Spares,WKA0114942
KA01,Nema Auto Spares,WKA0154474
KA01,Nema Auto Spares,WKA0132833
KA01,Nema Auto Spares,WKA0131628
KA01,Nema Auto Spares,WKA0156384
KA01,Nema Auto Spares,WKA0114980
KA01,Nema Auto Spares,WKA0154539
KA01,Nema Auto Spares,WKA0153094
KA01,Nema Auto Spares,WKA0120157
KA01,Nema Auto Spares,WKA0128632
KA01,Nema Auto Spares,WKA0141111
KA01,Nema Auto Spares,WKA0163153
KA01,Nema Auto Spares,WKA0122329
KA01,Nema Auto Spares,WKA0115004
KA01,Nema Auto Spares,WKA0128633
KA01,Nema Auto Spares,WKA0125217
KA01,Nema Auto Spares,WKA0120582
KA01,Nema Auto Spares,WKA0120056
KA01,Nema Auto Spares,WKA0124874
KA01,Nema Auto Spares,WKA0114979
KA01,Nema Auto Spares,WKA0128638
KA01,Nema Auto Spares,WKA0120092
KA01,Nema Auto Spares,WKA0100526
KA01,Nema Auto Spares,WKA0119058
KA01,Nema Auto Spares,WKA0122294
KA01,Nema Auto Spares,WKA0165256
KA01,Nema Auto Spares,WKA0120644
KA01,Nema Auto Spares,WKA0111641
KA01,Nema Auto Spares,WKA0112804
KA01,Nema Auto Spares,WKA0123987
KA01,Nema Auto Spares,WKA010143230
KA01,Nema Auto Spares,WKA0114992
KA01,Nema Auto Spares,WKA0152755
KA01,Nema Auto Spares,WKA0115002
KA01,Nema Auto Spares,WKA010124883
KA01,Nema Auto Spares,WKA010143004
KA01,Nema Auto Spares,WKA0122315
KA01,Nema Auto Spares,WKA0119121
KA01,Nema Auto Spares,WKA0134426
KA01,Nema Auto Spares,WKA0149552
KA01,Nema Auto Spares,WKA0159151
KA01,Nema Auto Spares,WKA0105886
KA01,Nema Auto Spares,WKA0114950
KA01,Nema Auto Spares,WKA0130333
KA01,Nema Auto Spares,WKA0125366
KA01,Nema Auto Spares,WKA0102566
KA01,Nema Auto Spares,WKA0114973
KA01,Nema Auto Spares,WKA0160279
KA01,Nema Auto Spares,WKA0106826
KA01,Nema Auto Spares,WKA0120134
KA01,Nema Auto Spares,WKA0114985
KA01,Nema Auto Spares,WKA0114971
KA01,Nema Auto Spares,WKA0152990
KA01,Nema Auto Spares,WKA0148934
KA01,Nema Auto Spares,WKA0127192
KA01,Nema Auto Spares,WKA0110018
KA01,Nema Auto Spares,WKA0115720
KA01,Nema Auto Spares,WKA0156596
KA01,Nema Auto Spares,WKA010144563
KA01,Nema Auto Spares,WKA0148971
KA01,Nema Auto Spares,WKA0107932
KA01,Nema Auto Spares,WKA010125622
KA01,Nema Auto Spares,WKA0114969
KA01,Nema Auto Spares,WKA0115008
KA01,Nema Auto Spares,WKA0130071
KA01,Nema Auto Spares,WKA0110078
KA01,Nema Auto Spares,WKA0100497
KA01,Nema Auto Spares,WKA010126302
KA01,Nema Auto Spares,WKA0102306
KA01,Nema Auto Spares,WKA0152850
KA01,Nema Auto Spares,WKA0158760
KA01,Nema Auto Spares,WKA0101127
KA01,Nema Auto Spares,WKA0156466
KA01,Nema Auto Spares,WKA0119075
KA01,Nema Auto Spares,WKA0107414
KA01,Nema Auto Spares,WKA0155904
KA01,Nema Auto Spares,WKA0114977
KA01,Nema Auto Spares,WKA0114954
KA01,Nema Auto Spares,WKA0122311
KA01,Nema Auto Spares,WKA0114998
KA01,Nema Auto Spares,WKA0162734
KA01,Nema Auto Spares,WKA0146731
KA01,Nema Auto Spares,WKA0117342
KA01,Nema Auto Spares,WKA0121471
KA01,Nema Auto Spares,WKA0100185
KA01,Nema Auto Spares,WKA010143404
KA01,Nema Auto Spares,WKA0118852
KA01,Nema Auto Spares,WKA0128050
KA01,Nema Auto Spares,WKA0133899
KA01,Nema Auto Spares,WKA0182323
KA01,Nema Auto Spares,WKA010144521
KA01,Nema Auto Spares,WKA010142847
KA01,Nema Auto Spares,WKA0162790
KA01,Nema Auto Spares,WKA0122060
KA01,Nema Auto Spares,WKA0137574
KA01,Nema Auto Spares,WKA0152854
KA01,Nema Auto Spares,WKA0114988
KA01,Nema Auto Spares,WKA0139525
KA01,Nema Auto Spares,WKA0182446
KA01,Nema Auto Spares,WKA0121065
KA01,Nema Auto Spares,WKA0114963
KA01,Nema Auto Spares,WKA0162135
KA01,Nema Auto Spares,WKA0160554
KA01,Nema Auto Spares,WKA0114987
KA01,Nema Auto Spares,WKA0156461
KA01,Nema Auto Spares,WKA0111679
KA01,Nema Auto Spares,WKA0187364
KA01,Nema Auto Spares,WKA0132173
KA01,Nema Auto Spares,WKA0132617
KA01,Nema Auto Spares,WKA0117754
KA01,Nema Auto Spares,WKA0178544
KA01,Nema Auto Spares,WKA0118506
KA01,Nema Auto Spares,WKA0160932
KA01,Nema Auto Spares,WKA0103803
KA01,Nema Auto Spares,WKA0122273
KA01,Nema Auto Spares,WKA0126306
KA01,Nema Auto Spares,WKA0120338
KA01,Nema Auto Spares,WKA0120409
KA01,Nema Auto Spares,WKA0175384
KA01,Nema Auto Spares,WKA0135750
KA01,Nema Auto Spares,WKA0156115
KA01,Nema Auto Spares,WKA0155985
KA01,Nema Auto Spares,WKA0177083
KA01,Nema Auto Spares,WKA010146329
KA01,Nema Auto Spares,WKA010154324
KA01,Nema Auto Spares,WKA0112710
KA01,Nema Auto Spares,WKA0156760
KA01,Nema Auto Spares,WKA0130074
KA01,Nema Auto Spares,WKA0111074
KA01,Nema Auto Spares,WKA0155671
KA01,Nema Auto Spares,WKA0132399
KA01,Nema Auto Spares,WKA0171158
KA01,Nema Auto Spares,WKA0112551
KA01,Nema Auto Spares,WKA0114995
KA01,Nema Auto Spares,WKA0138077
KA01,Nema Auto Spares,WKA0130390
KA01,Nema Auto Spares,WKA0136733
KA01,Nema Auto Spares,WKA0155996
KA01,Nema Auto Spares,WKA0168802
KA01,Nema Auto Spares,WKA0121003
KA01,Nema Auto Spares,WKA0156000
KA01,Nema Auto Spares,WKA0152911
KA01,Nema Auto Spares,WKA0152750
KA01,Nema Auto Spares,WKA0114981
KA01,Nema Auto Spares,WKA0160331
KA01,Nema Auto Spares,WKA0157711
KA01,Nema Auto Spares,WKA0156735
KA01,Nema Auto Spares,WKA0158071
KA01,Nema Auto Spares,WKA0110074
KA01,Nema Auto Spares,WKA0114996
KA01,Nema Auto Spares,WKA010144686
KA01,Nema Auto Spares,WKA0130969
KA01,Nema Auto Spares,WKA0115722
KA01,Nema Auto Spares,WKA0114378
KA01,Nema Auto Spares,WKA0137946
KA01,Nema Auto Spares,WKA0154650
KA01,Nema Auto Spares,WKA0155632
KA01,Nema Auto Spares,WKA010136644
KA01,Nema Auto Spares,WKA0157753
KA01,Nema Auto Spares,WKA010138444
KA01,Nema Auto Spares,WKA0155972
KA01,Nema Auto Spares,WKA0123201
KA01,Nema Auto Spares,WKA0115032
KA01,Nema Auto Spares,WKA0120986
KA01,Nema Auto Spares,WKA0155290
KA01,Nema Auto Spares,WKA0115007
KA01,Nema Auto Spares,WKA0119101
KA01,Nema Auto Spares,WKA0166172
KA01,Nema Auto Spares,WKA0121824
KA01,Nema Auto Spares,WKA0122321
KA01,Nema Auto Spares,WKA0155984
KA01,Nema Auto Spares,WKA0172684
KA01,Nema Auto Spares,WKA0121580
KA01,Nema Auto Spares,WKA0134809
KA01,Nema Auto Spares,WKA0122279
KA01,Nema Auto Spares,WKA0143092
KA01,Nema Auto Spares,WKA0199944
KA01,Nema Auto Spares,WKA0130392
KA01,Nema Auto Spares,WKA0112627
KA01,Nema Auto Spares,WKA0162810
KA01,Nema Auto Spares,WKA0184731
KA01,Nema Auto Spares,WKA010146721
KA01,Nema Auto Spares,WKA0106408
KA01,Nema Auto Spares,WKA0115005
KA01,Nema Auto Spares,WKA010153597
KA01,Nema Auto Spares,WKA0160015
KA01,Nema Auto Spares,WKA0122287
KA01,Nema Auto Spares,WKA0139448
KA01,Nema Auto Spares,WKA0120344
KA01,Nema Auto Spares,WKA0114975
KA01,Nema Auto Spares,WKA0168190
KA01,Nema Auto Spares,WKA010144286
KA01,Nema Auto Spares,WKA0114994
KA01,Nema Auto Spares,WKA0107491
KA01,Nema Auto Spares,WKA0117456
KA01,Nema Auto Spares,WKA0112707
KA01,Nema Auto Spares,WKA0181643
KA01,Nema Auto Spares,WKA0123965
KA01,Nema Auto Spares,WKA0146850
KA01,Nema Auto Spares,WKA010135524
KA01,Nema Auto Spares,WKA0130512
KA01,Nema Auto Spares,WKA0128911
KA01,Nema Auto Spares,WKA0132616
KA01,Nema Auto Spares,WKA0164695
KA01,Nema Auto Spares,WKA0115014
KA01,Nema Auto Spares,WKA0114991
KA01,Nema Auto Spares,WKA0114982
KA01,Nema Auto Spares,WKA0128655
KA01,Nema Auto Spares,WKA0118805
KA01,Nema Auto Spares,WKA010119664
KA01,Nema Auto Spares,WKA010134928
KA01,Nema Auto Spares,WKA0123902
KA01,Nema Auto Spares,WKA0130956
KA01,Nema Auto Spares,WKA0102838
KA01,Nema Auto Spares,WKA0120687
KA01,Nema Auto Spares,WKA0125691
KA01,Nema Auto Spares,WKA0169402
KA01,Nema Auto Spares,WKA0164474
KA01,Nema Auto Spares,WKA0115010
KA01,Nema Auto Spares,WKA010149826
KA01,Nema Auto Spares,WKA0114966
KA01,Nema Auto Spares,WKA0124553
KA01,Nema Auto Spares,WKA0170920
KA01,Nema Auto Spares,WKA010148117
KA01,Nema Auto Spares,WKA0129411
KA01,Nema Auto Spares,WKA0119054
KA01,Nema Auto Spares,WKA0152757
KA01,Nema Auto Spares,WKA010119666
KA01,Nema Auto Spares,WKA0130329
KA01,Nema Auto Spares,WKA010163747
KA01,Nema Auto Spares,WKA010147947
KA01,Nema Auto Spares,WKA0108599
KA01,Nema Auto Spares,WKA0114993
KA01,Nema Auto Spares,WKA0120599
KA01,Nema Auto Spares,WKA0110026
KA01,Nema Auto Spares,WKA0152515
KA01,Nema Auto Spares,WKA0121292
KA01,Nema Auto Spares,WKA010143527
KA01,Nema Auto Spares,WKA0120700
KA01,Nema Auto Spares,WKA0127978
KA01,Nema Auto Spares,WKA0143296
KA01,Nema Auto Spares,WKA0132653
KA01,Nema Auto Spares,WKA010152115
KA01,Nema Auto Spares,WKA0122297
KA01,Nema Auto Spares,WKA010142466
KA01,Nema Auto Spares,WKA010142968
KA01,Nema Auto Spares,WKA0121070
KA01,Nema Auto Spares,WKA0146561
KA01,Nema Auto Spares,WKA0130042
KA01,Nema Auto Spares,WKA0119157
KA01,Nema Auto Spares,WKA0115718
KA01,Nema Auto Spares,WKA0112768
KA01,Nema Auto Spares,WKA0123129
KA01,Nema Auto Spares,WKA0155973
KA01,Nema Auto Spares,WKA0155913
KA01,Nema Auto Spares,WKA0154541
KA01,Nema Auto Spares,WKA0115013
KA01,Nema Auto Spares,WKA0197205
KA01,Nema Auto Spares,WKA0154631
KA01,Nema Auto Spares,WKA010124847
KA01,Nema Auto Spares,WKA0156114
KA01,Nema Auto Spares,WKA0112969
KA01,Nema Auto Spares,WKA0132600
KA01,Nema Auto Spares,WKA0154902
KA01,Nema Auto Spares,WKA0134090
KA01,Nema Auto Spares,WKA0110016
KA01,Nema Auto Spares,WKA010148804
KA01,Nema Auto Spares,WKA010144584
KA01,Nema Auto Spares,WKA010129408
KA01,Nema Auto Spares,WKA0128625
KA01,Nema Auto Spares,WKA0131977
KA01,Nema Auto Spares,WKA0115016
KA01,Nema Auto Spares,WKA010156770
KA01,Nema Auto Spares,WKA0195389
KA01,Nema Auto Spares,WKA0131175
KA01,Nema Auto Spares,WKA0197283
KA01,Nema Auto Spares,WKA0120664
KA01,Nema Auto Spares,WKA0123084
KA01,Nema Auto Spares,WKA0115024
KA01,Nema Auto Spares,WKA0121039
KA01,Nema Auto Spares,WKA0132258
KA01,Nema Auto Spares,WKA0173282
KA01,Nema Auto Spares,WKA0150951
KA01,Nema Auto Spares,WKA010156404
KA01,Nema Auto Spares,WKA0121049
KA01,Nema Auto Spares,WKA0149325
KA01,Nema Auto Spares,WKA0105887
KA01,Nema Auto Spares,WKA0173163
KA01,Nema Auto Spares,WKA0158850
KA01,Nema Auto Spares,WKA0132838
KA01,Nema Auto Spares,WKA0156351
KA01,Nema Auto Spares,WKA010148476
KA01,Nema Auto Spares,WKA0154279
KA01,Nema Auto Spares,WKA0120590
KA01,Nema Auto Spares,WKA010157349
KA01,Nema Auto Spares,WKA010143534
KA01,Nema Auto Spares,WKA010143530
KA01,Nema Auto Spares,WKA010125784
KA01,Nema Auto Spares,WKA010143429
KA01,Nema Auto Spares,WKA0157630
KA01,Nema Auto Spares,WKA0110848
KA01,Nema Auto Spares,WKA0155633
KA01,Nema Auto Spares,WKA0130466
KA01,Nema Auto Spares,WKA0145152
KA01,Nema Auto Spares,WKA010146211
KA01,Nema Auto Spares,WKA010137706
KA01,Nema Auto Spares,WKA0130021
KA01,Nema Auto Spares,WKA0114984
KA01,Nema Auto Spares,WKA0111478
KA01,Nema Auto Spares,WKA010119767
KA01,Nema Auto Spares,WKA0137019
KA01,Nema Auto Spares,WKA0110186
KA01,Nema Auto Spares,WKA0105422
KA01,Nema Auto Spares,WKA010119965
KA01,Nema Auto Spares,WKA0155063
KA01,Nema Auto Spares,WKA0119162
KA01,Nema Auto Spares,WKA010129725
KA01,Nema Auto Spares,WKA0110661
KA01,Nema Auto Spares,WKA0142345
KA01,Nema Auto Spares,WKA010159707
KA01,Nema Auto Spares,WKA0156194
KA01,Nema Auto Spares,WKA0115003
KA01,Nema Auto Spares,WKA0149533
KA01,Nema Auto Spares,WKA010164124
KA01,Nema Auto Spares,WKA0106829
KA01,Nema Auto Spares,WKA0128658
KA01,Nema Auto Spares,WKA010132764
KA01,Nema Auto Spares,WKA0172682
KA01,Nema Auto Spares,WKA0130960
KA01,Nema Auto Spares,WKA0179144
KA01,Nema Auto Spares,WKA010161040
KA01,Nema Auto Spares,WKA0112347
KA01,Nema Auto Spares,WKA0108968
KA01,Nema Auto Spares,WKA0132051
KA01,Nema Auto Spares,WKA0182143
KA01,Nema Auto Spares,WKA010160004
KA01,Nema Auto Spares,WKA010122502
KA01,Nema Auto Spares,WKA0131420
KA01,Nema Auto Spares,WKA0120638
KA01,Nema Auto Spares,WKA0120891
KA01,Nema Auto Spares,WKA010159504
KA01,Nema Auto Spares,WKA0115009
KA01,Nema Auto Spares,WKA0158074
KA01,Nema Auto Spares,WKA0111714
KA01,Nema Auto Spares,WKA0152793
KA01,Nema Auto Spares,WKA0121032
KA01,Nema Auto Spares,WKA010163824
KA01,Nema Auto Spares,WKA010146735
KA01,Nema Auto Spares,WKA0120645
KA01,Nema Auto Spares,WKA0108087
KA01,Nema Auto Spares,WKA0115023
KA01,Nema Auto Spares,WKA0155291
KA01,Nema Auto Spares,WKA0115018
KA01,Nema Auto Spares,WKA010122408
KA01,Nema Auto Spares,WKA0111678
KA01,Nema Auto Spares,WKA0130327
KA01,Nema Auto Spares,WKA0143610
KA01,Nema Auto Spares,WKA0150950
KA01,Nema Auto Spares,WKA010119303
KA01,Nema Auto Spares,WKA0111270
KA01,Nema Auto Spares,WKA010157754
KA01,Nema Auto Spares,WKA010152188
KA01,Nema Auto Spares,WKA010161504
KA01,Nema Auto Spares,WKA010121302
KA01,Nema Auto Spares,WKA0113473
KA01,Nema Auto Spares,WKA0114974
KA01,Nema Auto Spares,WKA0112453
KA01,Nema Auto Spares,WKA010128684
KA01,Nema Auto Spares,WKA0112803
KA01,Nema Auto Spares,WKA010164267
KA01,Nema Auto Spares,WKA010126622
KA01,Nema Auto Spares,WKA0112721
KA01,Nema Auto Spares,WKA0154277
KA01,Nema Auto Spares,WKA010165396
KA01,Nema Auto Spares,WKA010161288
KA01,Nema Auto Spares,WKA010131944
KA01,Nema Auto Spares,WKA0122090
KA01,Nema Auto Spares,WKA010119386
KA01,Nema Auto Spares,WKA0120576
KA01,Nema Auto Spares,WKA010168292
KA01,Nema Auto Spares,WKA010120003
KA01,Nema Auto Spares,WKA0111376
KA01,Nema Auto Spares,WKA010161286
KA01,Nema Auto Spares,WKA010122503
KA01,Nema Auto Spares,WKA0107375
KA01,Nema Auto Spares,WKA0121087
KA01,Nema Auto Spares,WKA010147806
KA01,Nema Auto Spares,WKA010147808
KA01,Nema Auto Spares,WKA0119328
KA01,Nema Auto Spares,WKA0155091
KA01,Nema Auto Spares,WKA010163991
KA01,Nema Auto Spares,WKA0172623
KA01,Nema Auto Spares,WKA0110706
KA02,Essarr Automotives,WKA0219068
KA02,Essarr Automotives,WKA0208751
KA02,Essarr Automotives,WKA0218307
KA02,Essarr Automotives,WKA0222159
KA02,Essarr Automotives,WKA0218429
KA02,Essarr Automotives,WKA0236291
KA02,Essarr Automotives,WKA0208978
KA02,Essarr Automotives,WKA0206825
KA02,Essarr Automotives,WKA0260429
KA02,Essarr Automotives,WKA0207123
KA02,Essarr Automotives,WKA0210390
KA02,Essarr Automotives,WKA0218641
KA02,Essarr Automotives,WKA0219874
KA02,Essarr Automotives,WKA0220038
KA02,Essarr Automotives,WKA0221437
KA02,Essarr Automotives,WKA0209188
KA02,Essarr Automotives,WKA0219661
KA02,Essarr Automotives,WKA0226019
KA02,Essarr Automotives,WKA0207027
KA02,Essarr Automotives,WKA0220123
KA02,Essarr Automotives,WKA020135964
KA02,Essarr Automotives,WKA0218530
KA02,Essarr Automotives,WKA020147888
KA02,Essarr Automotives,WKA0219850
KA01,Nema Auto Spares,WKA0228370
KA02,Essarr Automotives,WKA0208954
KA02,Essarr Automotives,WKA0234910
KA02,Essarr Automotives,WKA0224636
KA02,Essarr Automotives,WKA0293204
KA02,Essarr Automotives,WKA0219933
KA02,Essarr Automotives,WKA0221354
KA02,Essarr Automotives,WKA0218699
KA02,Essarr Automotives,WKA0209186
KA02,Essarr Automotives,WKA0218268
KA02,Essarr Automotives,WKA020125087
KA02,Essarr Automotives,WKA0208947
KA02,Essarr Automotives,WKA0209780
KA02,Essarr Automotives,WKA0208752
KA02,Essarr Automotives,WKA0207823
KA02,Essarr Automotives,WKA0221341
KA02,Essarr Automotives,WKA0208916
KA02,Essarr Automotives,WKA0209281
KA02,Essarr Automotives,WKA020125244
KA02,Essarr Automotives,WKA0220923
KA02,Essarr Automotives,WKA0234895
KA02,Essarr Automotives,WKA0229945
KA02,Essarr Automotives,WKA0219833
KA02,Essarr Automotives,WKA020126122
KA02,Essarr Automotives,WKA0256745
KA02,Essarr Automotives,WKA0209177
KA02,Essarr Automotives,WKA0254892
KA02,Essarr Automotives,WKA0220956
KA02,Essarr Automotives,WKA020152484
KA02,Essarr Automotives,WKA0250061
KA02,Essarr Automotives,WKA0290785
KA02,Essarr Automotives,WKA0208298
KA02,Essarr Automotives,WKA0208280
KA02,Essarr Automotives,WKA0227153
KA02,Essarr Automotives,WKA0222951
KA02,Essarr Automotives,WKA0293604
KA02,Essarr Automotives,WKA0288843
KA02,Essarr Automotives,WKA0211736
KA02,Essarr Automotives,WKA0218662
KA02,Essarr Automotives,WKA0277163
KA02,Essarr Automotives,WKA0206694
KA02,Essarr Automotives,WKA0238725
KA02,Essarr Automotives,WKA0208754
KA02,Essarr Automotives,WKA0232115
KA02,Essarr Automotives,WKA0260393
KA02,Essarr Automotives,WKA0209736
KA02,Essarr Automotives,WKA0250054
KA02,Essarr Automotives,WKA0223704
KA02,Essarr Automotives,WKA020147066
KA02,Essarr Automotives,WKA0208962
KA02,Essarr Automotives,WKA0266290
KA02,Essarr Automotives,WKA0209181
KA02,Essarr Automotives,WKA0207556
KA02,Essarr Automotives,WKA020142872
KA02,Essarr Automotives,WKA0208188
KA02,Essarr Automotives,WKA020125083
KA02,Essarr Automotives,WKA0222780
KA02,Essarr Automotives,WKA0206701
KA02,Essarr Automotives,WKA0224779
KA02,Essarr Automotives,WKA0229692
KA02,Essarr Automotives,WKA0275026
KA02,Essarr Automotives,WKA0209739
KA02,Essarr Automotives,WKA0263093
KA02,Essarr Automotives,WKA0266753
KA02,Essarr Automotives,WKA0207106
KA02,Essarr Automotives,WKA0209288
KA02,Essarr Automotives,WKA0232544
KA02,Essarr Automotives,WKA0250401
KA02,Essarr Automotives,WKA0232403
KA02,Essarr Automotives,WKA0206824
KA02,Essarr Automotives,WKA0210223
KA02,Essarr Automotives,WKA0219282
KA02,Essarr Automotives,WKA0264530
KA02,Essarr Automotives,WKA0295464
KA02,Essarr Automotives,WKA0271857
KA02,Essarr Automotives,WKA0206218
KA02,Essarr Automotives,WKA0207811
KA02,Essarr Automotives,WKA0209255
KA01,Nema Auto Spares,WKA0211073
KA02,Essarr Automotives,WKA0209164
KA02,Essarr Automotives,WKA0276646
KA02,Essarr Automotives,WKA0208952
KA02,Essarr Automotives,WKA0209179
KA02,Essarr Automotives,WKA0206817
KA02,Essarr Automotives,WKA0220301
KA02,Essarr Automotives,WKA0219903
KA02,Essarr Automotives,WKA0299024
KA02,Essarr Automotives,WKA0235027
KA02,Essarr Automotives,WKA0239329
KA02,Essarr Automotives,WKA0209171
KA02,Essarr Automotives,WKA0209180
KA02,Essarr Automotives,WKA0264250
KA02,Essarr Automotives,WKA0218571
KA02,Essarr Automotives,WKA0207637
KA02,Essarr Automotives,WKA0250062
KA02,Essarr Automotives,WKA0292883
KA02,Essarr Automotives,WKA0260918
KA02,Essarr Automotives,WKA020157351
KA02,Essarr Automotives,WKA0281985
KA02,Essarr Automotives,WKA0238390
KA02,Essarr Automotives,WKA0208912
KA02,Essarr Automotives,WKA0218561
KA02,Essarr Automotives,WKA0221172
KA02,Essarr Automotives,WKA0209283
KA02,Essarr Automotives,WKA0206821
KA02,Essarr Automotives,WKA020149385
KA02,Essarr Automotives,WKA0219920
KA02,Essarr Automotives,WKA020165458
KA02,Essarr Automotives,WKA0209753
KA02,Essarr Automotives,WKA0225134
KA02,Essarr Automotives,WKA020142330
KA02,Essarr Automotives,WKA0206691
KA02,Essarr Automotives,WKA0209729
KA02,Essarr Automotives,WKA0207610
KA02,Essarr Automotives,WKA020129484
KA02,Essarr Automotives,WKA0256658
KA02,Essarr Automotives,WKA0250058
KA02,Essarr Automotives,WKA0263152
KA02,Essarr Automotives,WKA0208913
KA02,Essarr Automotives,WKA0209781
KA02,Essarr Automotives,WKA020142688
KA02,Essarr Automotives,WKA0251492
KA02,Essarr Automotives,WKA0219863
KA02,Essarr Automotives,WKA0261953
KA02,Essarr Automotives,WKA0208965
KA02,Essarr Automotives,WKA0292784
KA02,Essarr Automotives,WKA0208955
KA02,Essarr Automotives,WKA0289423
KA02,Essarr Automotives,WKA020142309
KA02,Essarr Automotives,WKA0222830
KA02,Essarr Automotives,WKA0256671
KA02,Essarr Automotives,WKA0225947
KA02,Essarr Automotives,WKA0232629
KA02,Essarr Automotives,WKA0229222
KA02,Essarr Automotives,WKA020125085
KA02,Essarr Automotives,WKA0275067
KA02,Essarr Automotives,WKA0209176
KA02,Essarr Automotives,WKA0223513
KA02,Essarr Automotives,WKA0251572
KA02,Essarr Automotives,WKA0208756
KA02,Essarr Automotives,WKA0253853
KA02,Essarr Automotives,WKA0209126
KA02,Essarr Automotives,WKA0241374
KA02,Essarr Automotives,WKA0256320
KA02,Essarr Automotives,WKA0209745
KA02,Essarr Automotives,WKA0225013
KA02,Essarr Automotives,WKA0250065
KA02,Essarr Automotives,WKA0206706
KA02,Essarr Automotives,WKA020146711
KA02,Essarr Automotives,WKA0270216
KA02,Essarr Automotives,WKA0208942
KA02,Essarr Automotives,WKA0207813
KA02,Essarr Automotives,WKA0222832
KA02,Essarr Automotives,WKA0221904
KA02,Essarr Automotives,WKA0209189
KA02,Essarr Automotives,WKA0209292
KA02,Essarr Automotives,WKA0209746
KA02,Essarr Automotives,WKA0206816
KA02,Essarr Automotives,WKA0207111
KA02,Essarr Automotives,WKA0231404
KA02,Essarr Automotives,WKA0226620
KA02,Essarr Automotives,WKA0220107
KA02,Essarr Automotives,WKA0230824
KA02,Essarr Automotives,WKA0250059
KA02,Essarr Automotives,WKA0209775
KA02,Essarr Automotives,WKA0293772
KA02,Essarr Automotives,WKA0207032
KA02,Essarr Automotives,WKA0207020
KA02,Essarr Automotives,WKA020147272
KA02,Essarr Automotives,WKA0263033
KA02,Essarr Automotives,WKA0218423
KA02,Essarr Automotives,WKA0208927
KA02,Essarr Automotives,WKA0207076
KA02,Essarr Automotives,WKA0206858
KA02,Essarr Automotives,WKA0209291
KA02,Essarr Automotives,WKA0207590
KA02,Essarr Automotives,WKA0208903
KA02,Essarr Automotives,WKA0265575
KA02,Essarr Automotives,WKA0208924
KA02,Essarr Automotives,WKA0230599
KA02,Essarr Automotives,WKA0229522
KA02,Essarr Automotives,WKA020147368
KA02,Essarr Automotives,WKA0295889
KA02,Essarr Automotives,WKA0220238
KA02,Essarr Automotives,WKA0288084
KA02,Essarr Automotives,WKA0206827
KA02,Essarr Automotives,WKA0206818
KA02,Essarr Automotives,WKA0247673
KA02,Essarr Automotives,WKA0207509
KA02,Essarr Automotives,WKA0227154
KA02,Essarr Automotives,WKA0208899
KA02,Essarr Automotives,WKA0224926
KA02,Essarr Automotives,WKA0274926
KA02,Essarr Automotives,WKA0212503
KA02,Essarr Automotives,WKA0208379
KA02,Essarr Automotives,WKA0275827
KA02,Essarr Automotives,WKA0208940
KA02,Essarr Automotives,WKA0207105
KA02,Essarr Automotives,WKA0210837
KA02,Essarr Automotives,WKA0208746
KA02,Essarr Automotives,WKA0232619
KA02,Essarr Automotives,WKA0256319
KA02,Essarr Automotives,WKA0256597
KA02,Essarr Automotives,WKA0285226
KA02,Essarr Automotives,WKA0222202
KA02,Essarr Automotives,WKA0208173
KA02,Essarr Automotives,WKA0209735
KA02,Essarr Automotives,WKA0207021
KA02,Essarr Automotives,WKA0257176
KA02,Essarr Automotives,WKA0233952
KA02,Essarr Automotives,WKA0294265
KA02,Essarr Automotives,WKA0220096
KA02,Essarr Automotives,WKA0232554
KA02,Essarr Automotives,WKA0284444
KA02,Essarr Automotives,WKA0220328
KA02,Essarr Automotives,WKA0223470
KA02,Essarr Automotives,WKA020156724
KA02,Essarr Automotives,WKA0209256
KA02,Essarr Automotives,WKA020146515
KA02,Essarr Automotives,WKA020130604
KA02,Essarr Automotives,WKA0236507
KA02,Essarr Automotives,WKA0207116
KA02,Essarr Automotives,WKA0226001
KA02,Essarr Automotives,WKA0252817
KA02,Essarr Automotives,WKA0227194
KA02,Essarr Automotives,WKA0227797
KA02,Essarr Automotives,WKA0256785
KA02,Essarr Automotives,WKA020148814
KA02,Essarr Automotives,WKA020149232
KA02,Essarr Automotives,WKA0224045
KA02,Essarr Automotives,WKA0209779
KA02,Essarr Automotives,WKA0208951
KA02,Essarr Automotives,WKA0223732
KA02,Essarr Automotives,WKA0226345
KA02,Essarr Automotives,WKA0207558
KA02,Essarr Automotives,WKA0233209
KA02,Essarr Automotives,WKA0209296
KA02,Essarr Automotives,WKA0209182
KA02,Essarr Automotives,WKA0230491
KA02,Essarr Automotives,WKA0240948
KA02,Essarr Automotives,WKA0271841
KA02,Essarr Automotives,WKA0220263
KA02,Essarr Automotives,WKA0256746
KA02,Essarr Automotives,WKA0228312
KA02,Essarr Automotives,WKA0209305
KA02,Essarr Automotives,WKA0224083
KA02,Essarr Automotives,WKA0222360
KA02,Essarr Automotives,WKA0253130
KA02,Essarr Automotives,WKA0207602
KA02,Essarr Automotives,WKA0206862
KA02,Essarr Automotives,WKA020153364
KA02,Essarr Automotives,WKA0207820
KA02,Essarr Automotives,WKA0208327
KA02,Essarr Automotives,WKA0260371
KA02,Essarr Automotives,WKA0291224
KA02,Essarr Automotives,WKA0250403
KA02,Essarr Automotives,WKA0263092
KA02,Essarr Automotives,WKA0207588
KA02,Essarr Automotives,WKA0276823
KA02,Essarr Automotives,WKA0256758
KA02,Essarr Automotives,WKA0221891
KA02,Essarr Automotives,WKA020163868
KA02,Essarr Automotives,WKA0233668
KA02,Essarr Automotives,WKA0207608
KA02,Essarr Automotives,WKA0208917
KA02,Essarr Automotives,WKA020121965
KA02,Essarr Automotives,WKA0224780
KA02,Essarr Automotives,WKA0208284
KA02,Essarr Automotives,WKA0223537
KA02,Essarr Automotives,WKA0208192
KA02,Essarr Automotives,WKA0228315
KA02,Essarr Automotives,WKA0209275
KA02,Essarr Automotives,WKA0207512
KA02,Essarr Automotives,WKA0210380
KA02,Essarr Automotives,WKA020148284
KA02,Essarr Automotives,WKA0206859
KA02,Essarr Automotives,WKA0224745
KA02,Essarr Automotives,WKA0209183
KA02,Essarr Automotives,WKA0219216
KA02,Essarr Automotives,WKA020143283
KA02,Essarr Automotives,WKA0248272
KA02,Essarr Automotives,WKA0207575
KA02,Essarr Automotives,WKA020133544
KA02,Essarr Automotives,WKA0208758
KA02,Essarr Automotives,WKA020143566
KA02,Essarr Automotives,WKA0211271
KA02,Essarr Automotives,WKA020157589
KA02,Essarr Automotives,WKA0220319
KA02,Essarr Automotives,WKA020147464
KA02,Essarr Automotives,WKA0228357
KA02,Essarr Automotives,WKA0286503
KA02,Essarr Automotives,WKA020148352
KA02,Essarr Automotives,WKA0220253
KA02,Essarr Automotives,WKA0288764
KA02,Essarr Automotives,WKA0209286
KA02,Essarr Automotives,WKA0233265
KA02,Essarr Automotives,WKA0208938
KA02,Essarr Automotives,WKA020161006
KA02,Essarr Automotives,WKA0231889
KA02,Essarr Automotives,WKA0230469
KA02,Essarr Automotives,WKA0207822
KA02,Essarr Automotives,WKA0220084
KA02,Essarr Automotives,WKA0224110
KA02,Essarr Automotives,WKA020162947
KA02,Essarr Automotives,WKA020150004
KA02,Essarr Automotives,WKA0207640
KA02,Essarr Automotives,WKA0240270
KA02,Essarr Automotives,WKA0249499
KA02,Essarr Automotives,WKA0267770
KA02,Essarr Automotives,WKA0230600
KA02,Essarr Automotives,WKA0256674
KA02,Essarr Automotives,WKA020131444
KA02,Essarr Automotives,WKA0230795
KA02,Essarr Automotives,WKA0208963
KA02,Essarr Automotives,WKA0212502
KA02,Essarr Automotives,WKA0208160
KA02,Essarr Automotives,WKA0243735
KA02,Essarr Automotives,WKA0237672
KA02,Essarr Automotives,WKA0208163
KA02,Essarr Automotives,WKA020156115
KA02,Essarr Automotives,WKA0256117
KA02,Essarr Automotives,WKA0207582
KA02,Essarr Automotives,WKA020132884
KA02,Essarr Automotives,WKA0252630
KA02,Essarr Automotives,WKA0220055
KA02,Essarr Automotives,WKA0207639
KA02,Essarr Automotives,WKA0226398
KA02,Essarr Automotives,WKA0226780
KA02,Essarr Automotives,WKA0224654
KA02,Essarr Automotives,WKA020158905
KA02,Essarr Automotives,WKA0250063
KA02,Essarr Automotives,WKA0220715
KA02,Essarr Automotives,WKA0239317
KA02,Essarr Automotives,WKA0235413
KA02,Essarr Automotives,WKA0284923
KA02,Essarr Automotives,WKA020134905
KA02,Essarr Automotives,WKA0234212
KA02,Essarr Automotives,WKA0220163
KA02,Essarr Automotives,WKA0227006
KA02,Essarr Automotives,WKA0222868
KA02,Essarr Automotives,WKA0207594
KA02,Essarr Automotives,WKA0208182
KA02,Essarr Automotives,WKA0209169
KA02,Essarr Automotives,WKA0223550
KA02,Essarr Automotives,WKA0208948
KA02,Essarr Automotives,WKA0261694
KA02,Essarr Automotives,WKA0220453
KA02,Essarr Automotives,WKA020144423
KA02,Essarr Automotives,WKA0234965
KA02,Essarr Automotives,WKA020148806
KA02,Essarr Automotives,WKA0260132
KA02,Essarr Automotives,WKA020133904
KA02,Essarr Automotives,WKA020144455
KA02,Essarr Automotives,WKA0252370
KA02,Essarr Automotives,WKA0224371
KA02,Essarr Automotives,WKA0251491
KA02,Essarr Automotives,WKA0251556
KA02,Essarr Automotives,WKA0211762
KA02,Essarr Automotives,WKA0208289
KA02,Essarr Automotives,WKA0232743
KA02,Essarr Automotives,WKA020150353
KA02,Essarr Automotives,WKA0210526
KA02,Essarr Automotives,WKA0206693
KA02,Essarr Automotives,WKA0225692
KA02,Essarr Automotives,WKA0209776
KA02,Essarr Automotives,WKA0208367
KA02,Essarr Automotives,WKA0225154
KA02,Essarr Automotives,WKA0209170
KA02,Essarr Automotives,WKA0232213
KA02,Essarr Automotives,WKA020148006
KA02,Essarr Automotives,WKA0251313
KA02,Essarr Automotives,WKA020150372
KA02,Essarr Automotives,WKA0208166
KA02,Essarr Automotives,WKA0209261
KA02,Essarr Automotives,WKA0232117
KA02,Essarr Automotives,WKA0209773
KA02,Essarr Automotives,WKA0246270
KA02,Essarr Automotives,WKA020155186
KA02,Essarr Automotives,WKA0219451
KA02,Essarr Automotives,WKA0253854
KA02,Essarr Automotives,WKA0207642
KA02,Essarr Automotives,WKA0223083
KA02,Essarr Automotives,WKA0208928
KA02,Essarr Automotives,WKA020162906
KA02,Essarr Automotives,WKA020132824
KA02,Essarr Automotives,WKA0293769
KA02,Essarr Automotives,WKA0250057
KA02,Essarr Automotives,WKA0253852
KA02,Essarr Automotives,WKA020119872
KA02,Essarr Automotives,WKA020156066
KA02,Essarr Automotives,WKA020158228
KA02,Essarr Automotives,WKA0224488
KA02,Essarr Automotives,WKA0206820
KA02,Essarr Automotives,WKA0225547
KA02,Essarr Automotives,WKA0210941
KA02,Essarr Automotives,WKA0263517
KA02,Essarr Automotives,WKA0277624
KA02,Essarr Automotives,WKA0208956
KA02,Essarr Automotives,WKA0253856
KA02,Essarr Automotives,WKA0275828
KA02,Essarr Automotives,WKA020154471
KA02,Essarr Automotives,WKA0250064
KA02,Essarr Automotives,WKA020143856
KA02,Essarr Automotives,WKA0264751
KA02,Essarr Automotives,WKA0232557
KA02,Essarr Automotives,WKA0256990
KA02,Essarr Automotives,WKA0208161
KA02,Essarr Automotives,WKA0210014
KA02,Essarr Automotives,WKA020131904
KA02,Essarr Automotives,WKA0265893
KA02,Essarr Automotives,WKA020158654
KA02,Essarr Automotives,WKA0260733
KA02,Essarr Automotives,WKA0267112
KA02,Essarr Automotives,WKA020151665
KA02,Essarr Automotives,WKA0208918
KA02,Essarr Automotives,WKA020155187
KA02,Essarr Automotives,WKA020142928
KA02,Essarr Automotives,WKA0225966
KA02,Essarr Automotives,WKA0208375
KA02,Essarr Automotives,WKA0291983
KA02,Essarr Automotives,WKA0270501
KA02,Essarr Automotives,WKA0231965
KA02,Essarr Automotives,WKA0207070
KA02,Essarr Automotives,WKA0220113
KA02,Essarr Automotives,WKA0229290
KA02,Essarr Automotives,WKA0209308
KA02,Essarr Automotives,WKA0269026
KA02,Essarr Automotives,WKA020157984
KA02,Essarr Automotives,WKA020150610
KA02,Essarr Automotives,WKA020154729
KA02,Essarr Automotives,WKA0208372
KA02,Essarr Automotives,WKA020148808
KA02,Essarr Automotives,WKA0209294
KA02,Essarr Automotives,WKA020143884
KA02,Essarr Automotives,WKA0207605
KA02,Essarr Automotives,WKA0208904
KA02,Essarr Automotives,WKA020156884
KA02,Essarr Automotives,WKA020165764
KA02,Essarr Automotives,WKA0226616
KA02,Essarr Automotives,WKA0206883
KA02,Essarr Automotives,WKA0226920
KA02,Essarr Automotives,WKA0257074
KA02,Essarr Automotives,WKA020163246
KA02,Essarr Automotives,WKA0241234
KA02,Essarr Automotives,WKA0289364
KA02,Essarr Automotives,WKA0226500
KA02,Essarr Automotives,WKA0208919
KA02,Essarr Automotives,WKA0241231
KA02,Essarr Automotives,WKA020164706
KA02,Essarr Automotives,WKA020147660
KA02,Essarr Automotives,WKA020159146
KA02,Essarr Automotives,WKA020132565
KA02,Essarr Automotives,WKA020126732
KA02,Essarr Automotives,WKA0220588
KA02,Essarr Automotives,WKA020151989
KA02,Essarr Automotives,WKA0296924
KA02,Essarr Automotives,WKA0207572
KA02,Essarr Automotives,WKA0226614
KA02,Essarr Automotives,WKA0277387
KA02,Essarr Automotives,WKA0237249
KA02,Essarr Automotives,WKA0233266
KA02,Essarr Automotives,WKA0206815
KA02,Essarr Automotives,WKA0207564
KA02,Essarr Automotives,WKA0227948
KA02,Essarr Automotives,WKA0207022
KA02,Essarr Automotives,WKA0228470
KA02,Essarr Automotives,WKA0219843
KA02,Essarr Automotives,WKA0260395
KA02,Essarr Automotives,WKA0208295
KA02,Essarr Automotives,WKA020161725
KA02,Essarr Automotives,WKA0231515
KA02,Essarr Automotives,WKA0267673
KA02,Essarr Automotives,WKA0271842
KA02,Essarr Automotives,WKA0208747
KA02,Essarr Automotives,WKA0208193
KA02,Essarr Automotives,WKA0250118
KA02,Essarr Automotives,WKA0209777
KA02,Essarr Automotives,WKA0207125
KA02,Essarr Automotives,WKA020134945
KA02,Essarr Automotives,WKA020158658
KA02,Essarr Automotives,WKA0207563
KA02,Essarr Automotives,WKA020159875
KA02,Essarr Automotives,WKA0230182
KA02,Essarr Automotives,WKA020163446
KA02,Essarr Automotives,WKA0271800
KA02,Essarr Automotives,WKA0229902
KA02,Essarr Automotives,WKA0219882
KA02,Essarr Automotives,WKA0280844
KA02,Essarr Automotives,WKA0240897
KA02,Essarr Automotives,WKA020163307
KA02,Essarr Automotives,WKA020146984
KA02,Essarr Automotives,WKA0226369
KA02,Essarr Automotives,WKA020149387
KA02,Essarr Automotives,WKA0268293
KA02,Essarr Automotives,WKA0252805
KA02,Essarr Automotives,WKA0211753
KA02,Essarr Automotives,WKA0208907
KA02,Essarr Automotives,WKA0208925
KA02,Essarr Automotives,WKA020154247
KA02,Essarr Automotives,WKA0289823
KA02,Essarr Automotives,WKA0210070
KA02,Essarr Automotives,WKA0210212
KA02,Essarr Automotives,WKA0207504
KA02,Essarr Automotives,WKA020145021
KA02,Essarr Automotives,WKA0230696
KA02,Essarr Automotives,WKA0274866
KA02,Essarr Automotives,WKA020164246
KA02,Essarr Automotives,WKA0208967
KA02,Essarr Automotives,WKA020165804
KA02,Essarr Automotives,WKA020148004
KA02,Essarr Automotives,WKA0238727
KA02,Essarr Automotives,WKA0219798
KA02,Essarr Automotives,WKA0260430
KA02,Essarr Automotives,WKA020160616
KA02,Essarr Automotives,WKA0208383
KA02,Essarr Automotives,WKA020161604
KA02,Essarr Automotives,WKA020144518
KA02,Essarr Automotives,WKA0274324
KA02,Essarr Automotives,WKA020143244
KA02,Essarr Automotives,WKA020164248
KA02,Essarr Automotives,WKA0208920
KA02,Essarr Automotives,WKA020148809
KA02,Essarr Automotives,WKA0223190
KA02,Essarr Automotives,WKA0268478
KA02,Essarr Automotives,WKA0222180
KA02,Essarr Automotives,WKA0208293
KA02,Essarr Automotives,WKA0261396
KA02,Essarr Automotives,WKA0209274
KA02,Essarr Automotives,WKA020169644
KA02,Essarr Automotives,WKA0207077
KA02,Essarr Automotives,WKA0209774
KA02,Essarr Automotives,WKA0226746
KA02,Essarr Automotives,WKA0253851
KA02,Essarr Automotives,WKA0208191
KA02,Essarr Automotives,WKA020156284
KA02,Essarr Automotives,WKA0208949
KA02,Essarr Automotives,WKA0225232
KA02,Essarr Automotives,WKA0206884
KA02,Essarr Automotives,WKA020157706
KA02,Essarr Automotives,WKA0225932
KA02,Essarr Automotives,WKA020159908
KA02,Essarr Automotives,WKA0287543
KA02,Essarr Automotives,WKA0237266
KA02,Essarr Automotives,WKA0209754
KA02,Essarr Automotives,WKA0209259
KA02,Essarr Automotives,WKA0228304
KA02,Essarr Automotives,WKA0272539
KA02,Essarr Automotives,WKA0232751
KA02,Essarr Automotives,WKA0207816
KA02,Essarr Automotives,WKA0283810
KA02,Essarr Automotives,WKA0208169
KA02,Essarr Automotives,WKA0208755
KA02,Essarr Automotives,WKA020151706
KA02,Essarr Automotives,WKA0240767
KA02,Essarr Automotives,WKA020143852
KA01,Nema Auto Spares,WKA020151084
KA02,Essarr Automotives,WKA0218756
KA02,Essarr Automotives,WKA0208325
KA02,Essarr Automotives,WKA0246231
KA02,Essarr Automotives,WKA0224354
KA02,Essarr Automotives,WKA0268531
KA02,Essarr Automotives,WKA0207638
KA02,Essarr Automotives,WKA0256577
KA02,Essarr Automotives,WKA020152106
KA02,Essarr Automotives,WKA020157587
KA02,Essarr Automotives,WKA0294263
KA02,Essarr Automotives,WKA0209174
KA02,Essarr Automotives,WKA020159687
KA02,Essarr Automotives,WKA0208937
KA02,Essarr Automotives,WKA0228702
KA02,Essarr Automotives,WKA020163284
KA02,Essarr Automotives,WKA020165504
KA02,Essarr Automotives,WKA0240383
KA02,Essarr Automotives,WKA0207828
KA02,Essarr Automotives,WKA0208105
KA02,Essarr Automotives,WKA0238726
KA02,Essarr Automotives,WKA020165084
KA02,Essarr Automotives,WKA020155483
KA02,Essarr Automotives,WKA020156184
KA02,Essarr Automotives,WKA0229652
KA02,Essarr Automotives,WKA0220146
KA02,Essarr Automotives,WKA0211441
KA02,Essarr Automotives,WKA0224924
KA02,Essarr Automotives,WKA0228699
KA02,Essarr Automotives,WKA020163646
KA02,Essarr Automotives,WKA0208285
KA02,Essarr Automotives,WKA0208282
KA02,Essarr Automotives,WKA0272663
KA02,Essarr Automotives,WKA020148402
KA02,Essarr Automotives,WKA0208979
KA02,Essarr Automotives,WKA0207826
KA02,Essarr Automotives,WKA0206711
KA02,Essarr Automotives,WKA0229701
KA02,Essarr Automotives,WKA0212523
KA02,Essarr Automotives,WKA0207072
KA02,Essarr Automotives,WKA0209273
KA02,Essarr Automotives,WKA020163248
KA02,Essarr Automotives,WKA0233567
KA02,Essarr Automotives,WKA0227905
KA02,Essarr Automotives,WKA020148049
KA02,Essarr Automotives,WKA0264433
KA02,Essarr Automotives,WKA0285744
KA02,Essarr Automotives,WKA0206814
KA02,Essarr Automotives,WKA0220066
KA02,Essarr Automotives,WKA0256651
KA02,Essarr Automotives,WKA020165767
KA02,Essarr Automotives,WKA0209278
KA02,Essarr Automotives,WKA020156584
KA02,Essarr Automotives,WKA0208292
KA02,Essarr Automotives,WKA0208950
KA02,Essarr Automotives,WKA020163930
KA02,Essarr Automotives,WKA020145808
KA02,Essarr Automotives,WKA0211094
KA02,Essarr Automotives,WKA0237749
KA02,Essarr Automotives,WKA020142727
KA02,Essarr Automotives,WKA0258830
KA02,Essarr Automotives,WKA0208377
KA02,Essarr Automotives,WKA020153635
KA02,Essarr Automotives,WKA020158525
KA02,Essarr Automotives,WKA020158012
KA02,Essarr Automotives,WKA0265791
KA02,Essarr Automotives,WKA0253855
KA02,Essarr Automotives,WKA0210938
KA02,Essarr Automotives,WKA020167164
KA02,Essarr Automotives,WKA020162927
KA02,Essarr Automotives,WKA0208175
KA02,Essarr Automotives,WKA020153466
KA02,Essarr Automotives,WKA020147795
KA02,Essarr Automotives,WKA0221300
KA02,Essarr Automotives,WKA0240196
KA02,Essarr Automotives,WKA020153290
KA02,Essarr Automotives,WKA0224640
KA02,Essarr Automotives,WKA0242335
KA02,Essarr Automotives,WKA020148309
KA02,Essarr Automotives,WKA0206811
KA02,Essarr Automotives,WKA0225703
KA02,Essarr Automotives,WKA0208278
KA02,Essarr Automotives,WKA0207104
KA02,Essarr Automotives,WKA020149085
KA01,Nema Auto Spares,WKA020152167
KA02,Essarr Automotives,WKA0208669
KA02,Essarr Automotives,WKA0223555
KA02,Essarr Automotives,WKA0264434
KA02,Essarr Automotives,WKA0225413
KA02,Essarr Automotives,WKA0234123
KA02,Essarr Automotives,WKA020150286
KA02,Essarr Automotives,WKA0293770
KA02,Essarr Automotives,WKA020162566
KA02,Essarr Automotives,WKA020148564
KA02,Essarr Automotives,WKA020152596
KA02,Essarr Automotives,WKA0267114
KA02,Essarr Automotives,WKA0267570
KA02,Essarr Automotives,WKA020158011
KA02,Essarr Automotives,WKA0211649
KA02,Essarr Automotives,WKA0207576
KA02,Essarr Automotives,WKA0208164
KA02,Essarr Automotives,WKA020134824
KA02,Essarr Automotives,WKA0211443
KA02,Essarr Automotives,WKA0206709
KA02,Essarr Automotives,WKA020168326
KA02,Essarr Automotives,WKA0224346
KA02,Essarr Automotives,WKA020142310
KA02,Essarr Automotives,WKA0209194
KA02,Essarr Automotives,WKA020149988
KA02,Essarr Automotives,WKA020167446
KA02,Essarr Automotives,WKA0209778
KA02,Essarr Automotives,WKA0226778
KA02,Essarr Automotives,WKA0248091
KA02,Essarr Automotives,WKA020160044
KA02,Essarr Automotives,WKA0250060
KA02,Essarr Automotives,WKA0253850
KA02,Essarr Automotives,WKA0229980
KA02,Essarr Automotives,WKA020163848
KA02,Essarr Automotives,WKA020125385
KA02,Essarr Automotives,WKA020153984
KA02,Essarr Automotives,WKA0209751
KA02,Essarr Automotives,WKA0266530
KA02,Essarr Automotives,WKA0219816
KA02,Essarr Automotives,WKA0279983
KA02,Essarr Automotives,WKA0239609
KA02,Essarr Automotives,WKA0208286
KA02,Essarr Automotives,WKA0208380
KA02,Essarr Automotives,WKA020160970
KA02,Essarr Automotives,WKA0207579
KA02,Essarr Automotives,WKA020169825
KA02,Essarr Automotives,WKA020145787
KA02,Essarr Automotives,WKA0235032
KA02,Essarr Automotives,WKA0222147
KA02,Essarr Automotives,WKA0208901
KA02,Essarr Automotives,WKA0209266
KA02,Essarr Automotives,WKA0225254
KA02,Essarr Automotives,WKA0218864
KA02,Essarr Automotives,WKA0228376
KA02,Essarr Automotives,WKA0250383
KA02,Essarr Automotives,WKA0229034
KA02,Essarr Automotives,WKA0261810
KA02,Essarr Automotives,WKA0287223
KA02,Essarr Automotives,WKA0249478
KA02,Essarr Automotives,WKA0208935
KA02,Essarr Automotives,WKA0248590
KA02,Essarr Automotives,WKA0234568
KA03,Maroor Motors,WKA0309839
KA03,Maroor Motors,WKA0318123
KA03,Maroor Motors,WKA0313605
KA03,Maroor Motors,WKA0312980
KA03,Maroor Motors,WKA0319132
KA03,Maroor Motors,WKA0313471
KA03,Maroor Motors,WKA0384405
KA03,Maroor Motors,WKA0310527
KA03,Maroor Motors,WKA030119383
KA03,Maroor Motors,WKA0312697
KA03,Maroor Motors,WKA0319481
KA03,Maroor Motors,WKA0318992
KA03,Maroor Motors,WKA0343625
KA03,Maroor Motors,WKA0318124
KA03,Maroor Motors,WKA0312667
KA03,Maroor Motors,WKA0309952
KA03,Maroor Motors,WKA0324220
KA03,Maroor Motors,WKA0319118
KA03,Maroor Motors,WKA0360914
KA03,Maroor Motors,WKA0320461
KA03,Maroor Motors,WKA0309677
KA03,Maroor Motors,WKA0317144
KA03,Maroor Motors,WKA0313124
KA03,Maroor Motors,WKA030127068
KA03,Maroor Motors,WKA0309722
KA03,Maroor Motors,WKA0309702
KA03,Maroor Motors,WKA0309708
KA03,Maroor Motors,WKA0313546
KA03,Maroor Motors,WKA0319927
KA03,Maroor Motors,WKA0334654
KA03,Maroor Motors,WKA0329527
KA03,Maroor Motors,WKA0321601
KA03,Maroor Motors,WKA0320140
KA03,Maroor Motors,WKA0379723
KA03,Maroor Motors,WKA0318295
KA03,Maroor Motors,WKA0318619
KA03,Maroor Motors,WKA0320377
KA03,Maroor Motors,WKA0313536
KA03,Maroor Motors,WKA0317152
KA03,Maroor Motors,WKA0397423
KA03,Maroor Motors,WKA0321475
KA03,Maroor Motors,WKA0320244
KA03,Maroor Motors,WKA030147485
KA03,Maroor Motors,WKA0319514
KA03,Maroor Motors,WKA0323649
KA03,Maroor Motors,WKA0320801
KA03,Maroor Motors,WKA0312500
KA03,Maroor Motors,WKA0318636
KA03,Maroor Motors,WKA0323162
KA03,Maroor Motors,WKA0324267
KA03,Maroor Motors,WKA0320393
KA03,Maroor Motors,WKA0312950
KA03,Maroor Motors,WKA0320741
KA03,Maroor Motors,WKA0313597
KA03,Maroor Motors,WKA0313547
KA03,Maroor Motors,WKA0318773
KA03,Maroor Motors,WKA0313123
KA03,Maroor Motors,WKA0318744
KA03,Maroor Motors,WKA0312677
KA03,Maroor Motors,WKA0307986
KA03,Maroor Motors,WKA0319441
KA03,Maroor Motors,WKA0311740
KA03,Maroor Motors,WKA0319910
KA03,Maroor Motors,WKA0320802
KA03,Maroor Motors,WKA0309718
KA03,Maroor Motors,WKA0319896
KA03,Maroor Motors,WKA0358219
KA03,Maroor Motors,WKA0309896
KA03,Maroor Motors,WKA0322901
KA03,Maroor Motors,WKA0357883
KA03,Maroor Motors,WKA0312565
KA03,Maroor Motors,WKA0313520
KA03,Maroor Motors,WKA0312948
KA03,Maroor Motors,WKA0320254
KA03,Maroor Motors,WKA0323177
KA03,Maroor Motors,WKA0312556
KA03,Maroor Motors,WKA0321674
KA03,Maroor Motors,WKA0313521
KA03,Maroor Motors,WKA0312955
KA03,Maroor Motors,WKA0317147
KA03,Maroor Motors,WKA0312562
KA03,Maroor Motors,WKA0324602
KA03,Maroor Motors,WKA0313609
KA03,Maroor Motors,WKA0312704
KA03,Maroor Motors,WKA0320356
KA03,Maroor Motors,WKA0334506
KA03,Maroor Motors,WKA0310629
KA03,Maroor Motors,WKA030124484
KA03,Maroor Motors,WKA0320984
KA03,Maroor Motors,WKA0383004
KA03,Maroor Motors,WKA0313533
KA03,Maroor Motors,WKA0391848
KA03,Maroor Motors,WKA0319672
KA03,Maroor Motors,WKA0387305
KA03,Maroor Motors,WKA0365490
KA03,Maroor Motors,WKA0309959
KA03,Maroor Motors,WKA0313515
KA03,Maroor Motors,WKA0360171
KA03,Maroor Motors,WKA0324280
KA03,Maroor Motors,WKA0310866
KA03,Maroor Motors,WKA0354209
KA03,Maroor Motors,WKA0325206
KA03,Maroor Motors,WKA030131507
KA03,Maroor Motors,WKA030133886
KA03,Maroor Motors,WKA0311382
KA03,Maroor Motors,WKA0310007
KA03,Maroor Motors,WKA0309725
KA03,Maroor Motors,WKA0319428
KA03,Maroor Motors,WKA0320258
KA03,Maroor Motors,WKA0313541
KA03,Maroor Motors,WKA0341288
KA03,Maroor Motors,WKA0306707
KA03,Maroor Motors,WKA0318693
KA03,Maroor Motors,WKA0320996
KA03,Maroor Motors,WKA0313612
KA03,Maroor Motors,WKA0320235
KA03,Maroor Motors,WKA0320581
KA03,Maroor Motors,WKA0320428
KA03,Maroor Motors,WKA0319497
KA03,Maroor Motors,WKA0310523
KA03,Maroor Motors,WKA0321267
KA03,Maroor Motors,WKA0320775
KA03,Maroor Motors,WKA0320991
KA03,Maroor Motors,WKA0371078
KA03,Maroor Motors,WKA0309185
KA03,Maroor Motors,WKA0322932
KA03,Maroor Motors,WKA0389464
KA03,Maroor Motors,WKA0341490
KA03,Maroor Motors,WKA0313551
KA03,Maroor Motors,WKA0309987
KA03,Maroor Motors,WKA0319724
KA03,Maroor Motors,WKA0328941
KA03,Maroor Motors,WKA030153028
KA03,Maroor Motors,WKA030129432
KA03,Maroor Motors,WKA030129429
KA03,Maroor Motors,WKA0394008
KA03,Maroor Motors,WKA0317540
KA03,Maroor Motors,WKA0321270
KA03,Maroor Motors,WKA0364996
KA03,Maroor Motors,WKA0320806
KA03,Maroor Motors,WKA0311316
KA03,Maroor Motors,WKA0359531
KA03,Maroor Motors,WKA0325635
KA03,Maroor Motors,WKA0313535
KA03,Maroor Motors,WKA0322775
KA03,Maroor Motors,WKA0310640
KA03,Maroor Motors,WKA0317142
KA03,Maroor Motors,WKA0352610
KA03,Maroor Motors,WKA0322816
KA03,Maroor Motors,WKA0309965
KA03,Maroor Motors,WKA0318035
KA03,Maroor Motors,WKA0318681
KA03,Maroor Motors,WKA030133307
KA03,Maroor Motors,WKA0362552
KA03,Maroor Motors,WKA0309723
KA03,Maroor Motors,WKA0318647
KA03,Maroor Motors,WKA0323134
KA03,Maroor Motors,WKA0318610
KA03,Maroor Motors,WKA0312967
KA03,Maroor Motors,WKA0341966
KA03,Maroor Motors,WKA0319360
KA03,Maroor Motors,WKA0310532
KA03,Maroor Motors,WKA0312568
KA03,Maroor Motors,WKA030144964
KA03,Maroor Motors,WKA0378764
KA03,Maroor Motors,WKA030148008
KA03,Maroor Motors,WKA0386704
KA03,Maroor Motors,WKA0310308
KA03,Maroor Motors,WKA0309090
KA03,Maroor Motors,WKA0320998
KA03,Maroor Motors,WKA0312716
KA03,Maroor Motors,WKA0324880
KA03,Maroor Motors,WKA0323528
KA03,Maroor Motors,WKA0320414
KA03,Maroor Motors,WKA0310010
KA03,Maroor Motors,WKA0310360
KA03,Maroor Motors,WKA0324429
KA03,Maroor Motors,WKA0310529
KA03,Maroor Motors,WKA0317161
KA03,Maroor Motors,WKA0312947
KA03,Maroor Motors,WKA0310371
KA03,Maroor Motors,WKA0313465
KA03,Maroor Motors,WKA0330342
KA03,Maroor Motors,WKA0322072
KA03,Maroor Motors,WKA0323271
KA03,Maroor Motors,WKA0320800
KA03,Maroor Motors,WKA0332176
KA03,Maroor Motors,WKA0361090
KA03,Maroor Motors,WKA0356410
KA03,Maroor Motors,WKA0350015
KA03,Maroor Motors,WKA0324856
KA03,Maroor Motors,WKA0323179
KA03,Maroor Motors,WKA0317139
KA03,Maroor Motors,WKA0324621
KA03,Maroor Motors,WKA0320114
KA03,Maroor Motors,WKA0321558
KA03,Maroor Motors,WKA030134966
KA03,Maroor Motors,WKA0313602
KA03,Maroor Motors,WKA0320941
KA03,Maroor Motors,WKA0319439
KA03,Maroor Motors,WKA030120312
KA03,Maroor Motors,WKA0310531
KA03,Maroor Motors,WKA030142506
KA03,Maroor Motors,WKA030145209
KA03,Maroor Motors,WKA0342495
KA03,Maroor Motors,WKA0324213
KA03,Maroor Motors,WKA0325873
KA03,Maroor Motors,WKA0309833
KA03,Maroor Motors,WKA0318627
KA03,Maroor Motors,WKA0312715
KA03,Maroor Motors,WKA0309714
KA03,Maroor Motors,WKA0309925
KA03,Maroor Motors,WKA0324832
KA03,Maroor Motors,WKA0386804
KA03,Maroor Motors,WKA0321454
KA03,Maroor Motors,WKA0362140
KA03,Maroor Motors,WKA0313085
KA03,Maroor Motors,WKA0313112
KA03,Maroor Motors,WKA0310631
KA03,Maroor Motors,WKA0320389
KA03,Maroor Motors,WKA0310630
KA03,Maroor Motors,WKA0320620
KA03,Maroor Motors,WKA030130524
KA03,Maroor Motors,WKA0310365
KA03,Maroor Motors,WKA0310528
KA03,Maroor Motors,WKA0310594
KA03,Maroor Motors,WKA0317543
KA03,Maroor Motors,WKA0312958
KA03,Maroor Motors,WKA030130784
KA03,Maroor Motors,WKA0318066
KA03,Maroor Motors,WKA0321010
KA03,Maroor Motors,WKA0358218
KA03,Maroor Motors,WKA0354560
KA03,Maroor Motors,WKA030128844
KA03,Maroor Motors,WKA0319687
KA03,Maroor Motors,WKA0320447
KA03,Maroor Motors,WKA0320572
KA03,Maroor Motors,WKA0324893
KA03,Maroor Motors,WKA0321565
KA03,Maroor Motors,WKA0309923
KA03,Maroor Motors,WKA0331875
KA03,Maroor Motors,WKA0330039
KA03,Maroor Motors,WKA030142505
KA03,Maroor Motors,WKA0322813
KA03,Maroor Motors,WKA0395664
KA03,Maroor Motors,WKA0317140
KA03,Maroor Motors,WKA0318892
KA03,Maroor Motors,WKA0313128
KA03,Maroor Motors,WKA0321464
KA03,Maroor Motors,WKA0324589
KA03,Maroor Motors,WKA0318322
KA03,Maroor Motors,WKA0320504
KA03,Maroor Motors,WKA0389708
KA03,Maroor Motors,WKA0319708
KA03,Maroor Motors,WKA0350110
KA03,Maroor Motors,WKA0321243
KA03,Maroor Motors,WKA0310524
KA03,Maroor Motors,WKA0324276
KA03,Maroor Motors,WKA0313458
KA03,Maroor Motors,WKA0309906
KA03,Maroor Motors,WKA030143352
KA03,Maroor Motors,WKA0322772
KA03,Maroor Motors,WKA0324884
KA03,Maroor Motors,WKA030134704
KA03,Maroor Motors,WKA0312574
KA03,Maroor Motors,WKA030138004
KA03,Maroor Motors,WKA030129430
KA03,Maroor Motors,WKA0312656
KA03,Maroor Motors,WKA0313530
KA03,Maroor Motors,WKA0310639
KA03,Maroor Motors,WKA030141264
KA03,Maroor Motors,WKA030121143
KA03,Maroor Motors,WKA0310530
KA03,Maroor Motors,WKA0321347
KA03,Maroor Motors,WKA030125384
KA03,Maroor Motors,WKA0387485
KA03,Maroor Motors,WKA0310358
KA03,Maroor Motors,WKA0342698
KA03,Maroor Motors,WKA0324239
KA03,Maroor Motors,WKA0317150
KA03,Maroor Motors,WKA0312563
KA03,Maroor Motors,WKA0384583
KA03,Maroor Motors,WKA0310836
KA03,Maroor Motors,WKA0303661
KA03,Maroor Motors,WKA0386243
KA03,Maroor Motors,WKA0321235
KA03,Maroor Motors,WKA0313548
KA03,Maroor Motors,WKA0376888
KA03,Maroor Motors,WKA0320767
KA03,Maroor Motors,WKA0310558
KA03,Maroor Motors,WKA0310603
KA03,Maroor Motors,WKA0313095
KA03,Maroor Motors,WKA0345134
KA03,Maroor Motors,WKA0325241
KA03,Maroor Motors,WKA0324839
KA03,Maroor Motors,WKA0324707
KA03,Maroor Motors,WKA030134691
KA03,Maroor Motors,WKA0325233
KA03,Maroor Motors,WKA0312725
KA03,Maroor Motors,WKA0313595
KA03,Maroor Motors,WKA0313529
KA03,Maroor Motors,WKA0320545
KA03,Maroor Motors,WKA030160644
KA03,Maroor Motors,WKA0310008
KA03,Maroor Motors,WKA0324206
KA03,Maroor Motors,WKA0352396
KA03,Maroor Motors,WKA0325267
KA03,Maroor Motors,WKA0313087
KA03,Maroor Motors,WKA0326949
KA03,Maroor Motors,WKA030138964
KA03,Maroor Motors,WKA0332414
KA03,Maroor Motors,WKA030161568
KA03,Maroor Motors,WKA0312978
KA03,Maroor Motors,WKA0344773
KA03,Maroor Motors,WKA0309602
KA03,Maroor Motors,WKA0335046
KA03,Maroor Motors,WKA0313119
KA03,Maroor Motors,WKA0369954
KA03,Maroor Motors,WKA0320370
KA03,Maroor Motors,WKA030126905
KA03,Maroor Motors,WKA0310354
KA03,Maroor Motors,WKA0341145
KA03,Maroor Motors,WKA0321260
KA03,Maroor Motors,WKA030163759
KA03,Maroor Motors,WKA030133144
KA03,Maroor Motors,WKA0313596
KA03,Maroor Motors,WKA0324191
KA03,Maroor Motors,WKA0309958
KA03,Maroor Motors,WKA0312709
KA03,Maroor Motors,WKA030146664
KA03,Maroor Motors,WKA0322924
KA03,Maroor Motors,WKA0336398
KA03,Maroor Motors,WKA0311122
KA03,Maroor Motors,WKA0332754
KA03,Maroor Motors,WKA0372396
KA03,Maroor Motors,WKA0313111
KA03,Maroor Motors,WKA0313105
KA03,Maroor Motors,WKA0313089
KA03,Maroor Motors,WKA0310521
KA03,Maroor Motors,WKA030163049
KA03,Maroor Motors,WKA0309712
KA03,Maroor Motors,WKA030152953
KA03,Maroor Motors,WKA0317146
KA03,Maroor Motors,WKA0326429
KA03,Maroor Motors,WKA0332179
KA03,Maroor Motors,WKA0395363
KA03,Maroor Motors,WKA0353752
KA03,Maroor Motors,WKA030131504
KA03,Maroor Motors,WKA0324199
KA03,Maroor Motors,WKA0312944
KA03,Maroor Motors,WKA0322308
KA03,Maroor Motors,WKA0309603
KA03,Maroor Motors,WKA0323144
KA03,Maroor Motors,WKA0387303
KA03,Maroor Motors,WKA0322275
KA03,Maroor Motors,WKA0309919
KA03,Maroor Motors,WKA0310519
KA03,Maroor Motors,WKA0319684
KA03,Maroor Motors,WKA0324315
KA03,Maroor Motors,WKA0386806
KA03,Maroor Motors,WKA0394525
KA03,Maroor Motors,WKA0382848
KA03,Maroor Motors,WKA0313527
KA03,Maroor Motors,WKA0310607
KA03,Maroor Motors,WKA0383326
KA03,Maroor Motors,WKA0310633
KA03,Maroor Motors,WKA030149909
KA03,Maroor Motors,WKA0346316
KA03,Maroor Motors,WKA0312690
KA03,Maroor Motors,WKA0321365
KA03,Maroor Motors,WKA0313545
KA03,Maroor Motors,WKA030167765
KA03,Maroor Motors,WKA0311259
KA03,Maroor Motors,WKA0313598
KA03,Maroor Motors,WKA030148350
KA03,Maroor Motors,WKA030134165
KA03,Maroor Motors,WKA0309193
KA03,Maroor Motors,WKA0310688
KA03,Maroor Motors,WKA0314075
KA03,Maroor Motors,WKA030158746
KA03,Maroor Motors,WKA0323305
KA03,Maroor Motors,WKA0324846
KA03,Maroor Motors,WKA0321257
KA03,Maroor Motors,WKA030149884
KA03,Maroor Motors,WKA0312571
KA03,Maroor Motors,WKA0313125
KA03,Maroor Motors,WKA0392785
KA03,Maroor Motors,WKA0309229
KA03,Maroor Motors,WKA0334653
KA03,Maroor Motors,WKA0319371
KA03,Maroor Motors,WKA0324434
KA03,Maroor Motors,WKA0364611
KA03,Maroor Motors,WKA0300063
KA03,Maroor Motors,WKA0324196
KA03,Maroor Motors,WKA030158965
KA03,Maroor Motors,WKA030154136
KA03,Maroor Motors,WKA0312569
KA03,Maroor Motors,WKA0313103
KA03,Maroor Motors,WKA030142507
KA03,Maroor Motors,WKA030124522
KA03,Maroor Motors,WKA0324865
KA03,Maroor Motors,WKA0322201
KA03,Maroor Motors,WKA0360017
KA03,Maroor Motors,WKA030157768
KA03,Maroor Motors,WKA0317145
KA03,Maroor Motors,WKA0309099
KA03,Maroor Motors,WKA0320785
KA03,Maroor Motors,WKA0310535
KA03,Maroor Motors,WKA0343374
KA03,Maroor Motors,WKA0309920
KA03,Maroor Motors,WKA030159091
KA03,Maroor Motors,WKA0327543
KA03,Maroor Motors,WKA0313582
KA03,Maroor Motors,WKA0313096
KA03,Maroor Motors,WKA030140284
KA03,Maroor Motors,WKA0313088
KA03,Maroor Motors,WKA0309984
KA03,Maroor Motors,WKA0354635
KA03,Maroor Motors,WKA0324892
KA03,Maroor Motors,WKA0312399
KA03,Maroor Motors,WKA0309720
KA03,Maroor Motors,WKA0332017
KA03,Maroor Motors,WKA0325251
KA03,Maroor Motors,WKA0321386
KA03,Maroor Motors,WKA0310356
KA03,Maroor Motors,WKA0309624
KA03,Maroor Motors,WKA0313453
KA03,Maroor Motors,WKA0313455
KA03,Maroor Motors,WKA0309086
KA03,Maroor Motors,WKA0323487
KA03,Maroor Motors,WKA0364997
KA03,Maroor Motors,WKA0359317
KA03,Maroor Motors,WKA0387424
KA03,Maroor Motors,WKA0312572
KA03,Maroor Motors,WKA0380913
KA03,Maroor Motors,WKA0313463
KA03,Maroor Motors,WKA0326471
KA03,Maroor Motors,WKA0309705
KA03,Maroor Motors,WKA0350291
KA03,Maroor Motors,WKA0379284
KA03,Maroor Motors,WKA0320566
KA03,Maroor Motors,WKA030134064
KA03,Maroor Motors,WKA0309930
KA03,Maroor Motors,WKA0320539
KA03,Maroor Motors,WKA030143088
KA03,Maroor Motors,WKA0317148
KA03,Maroor Motors,WKA0309941
KA03,Maroor Motors,WKA0320528
KA03,Maroor Motors,WKA0324486
KA03,Maroor Motors,WKA0325925
KA03,Maroor Motors,WKA0320487
KA03,Maroor Motors,WKA0310357
KA03,Maroor Motors,WKA0320518
KA03,Maroor Motors,WKA0313470
KA03,Maroor Motors,WKA0323565
KA03,Maroor Motors,WKA0358532
KA03,Maroor Motors,WKA0320126
KA03,Maroor Motors,WKA0313604
KA03,Maroor Motors,WKA0350112
KA03,Maroor Motors,WKA0317158
KA03,Maroor Motors,WKA0310597
KA03,Maroor Motors,WKA0322937
KA03,Maroor Motors,WKA0320249
KA03,Maroor Motors,WKA0321682
KA03,Maroor Motors,WKA0381383
KA03,Maroor Motors,WKA0320103
KA03,Maroor Motors,WKA0322238
KA03,Maroor Motors,WKA0322799
KA03,Maroor Motors,WKA0345151
KA03,Maroor Motors,WKA0313093
KA03,Maroor Motors,WKA0310184
KA03,Maroor Motors,WKA0322771
KA03,Maroor Motors,WKA0309625
KA03,Maroor Motors,WKA030122087
KA03,Maroor Motors,WKA0394283
KA03,Maroor Motors,WKA0322269
KA03,Maroor Motors,WKA0324882
KA03,Maroor Motors,WKA0320443
KA03,Maroor Motors,WKA0362530
KA03,Maroor Motors,WKA0310606
KA03,Maroor Motors,WKA0338149
KA03,Maroor Motors,WKA030167588
KA03,Maroor Motors,WKA0313456
KA03,Maroor Motors,WKA030138685
KA03,Maroor Motors,WKA0321482
KA03,Maroor Motors,WKA0352734
KA03,Maroor Motors,WKA0319613
KA03,Maroor Motors,WKA0368790
KA03,Maroor Motors,WKA0326363
KA03,Maroor Motors,WKA0312679
KA03,Maroor Motors,WKA0323138
KA03,Maroor Motors,WKA030143005
KA03,Maroor Motors,WKA030134044
KA03,Maroor Motors,WKA0338855
KA03,Maroor Motors,WKA0320483
KA03,Maroor Motors,WKA0345948
KA03,Maroor Motors,WKA0313897
KA03,Maroor Motors,WKA0320938
KA03,Maroor Motors,WKA030122842
KA03,Maroor Motors,WKA030125602
KA03,Maroor Motors,WKA0324872
KA03,Maroor Motors,WKA0311184
KA03,Maroor Motors,WKA030134705
KA03,Maroor Motors,WKA0309913
KA03,Maroor Motors,WKA0324278
KA03,Maroor Motors,WKA0318654
KA03,Maroor Motors,WKA0320217
KA03,Maroor Motors,WKA0310672
KA03,Maroor Motors,WKA030137144
KA03,Maroor Motors,WKA0312714
KA03,Maroor Motors,WKA0313094
KA03,Maroor Motors,WKA0326361
KA03,Maroor Motors,WKA030129431
KA03,Maroor Motors,WKA030146615
KA03,Maroor Motors,WKA030118272
KA03,Maroor Motors,WKA0324596
KA03,Maroor Motors,WKA0321691
KA03,Maroor Motors,WKA030149834
KA03,Maroor Motors,WKA0334649
KA03,Maroor Motors,WKA030124844
KA03,Maroor Motors,WKA0324818
KA03,Maroor Motors,WKA0335435
KA03,Maroor Motors,WKA0327082
KA03,Maroor Motors,WKA0356786
KA03,Maroor Motors,WKA0309934
KA03,Maroor Motors,WKA030163252
KA03,Maroor Motors,WKA0321352
KA03,Maroor Motors,WKA0309717
KA03,Maroor Motors,WKA0321273
KA03,Maroor Motors,WKA0357089
KA03,Maroor Motors,WKA0365091
KA03,Maroor Motors,WKA0334651
KA03,Maroor Motors,WKA0313608
KA03,Maroor Motors,WKA0365000
KA03,Maroor Motors,WKA0313626
KA03,Maroor Motors,WKA0324238
KA03,Maroor Motors,WKA0357597
KA03,Maroor Motors,WKA0324704
KA03,Maroor Motors,WKA0394524
KA03,Maroor Motors,WKA0313552
KA03,Maroor Motors,WKA0309955
KA03,Maroor Motors,WKA0319701
KA03,Maroor Motors,WKA0349791
KA03,Maroor Motors,WKA0310364
KA03,Maroor Motors,WKA0318735
KA03,Maroor Motors,WKA0386805
KA03,Maroor Motors,WKA0310596
KA03,Maroor Motors,WKA0395223
KA03,Maroor Motors,WKA0309617
KA03,Maroor Motors,WKA0309827
KA03,Maroor Motors,WKA0321410
KA03,Maroor Motors,WKA0309225
KA03,Maroor Motors,WKA0322235
KA03,Maroor Motors,WKA0312755
KA03,Maroor Motors,WKA0309234
KA03,Maroor Motors,WKA030136125
KA03,Maroor Motors,WKA0317541
KA03,Maroor Motors,WKA0310638
KA03,Maroor Motors,WKA0310001
KA03,Maroor Motors,WKA0339247
KA03,Maroor Motors,WKA0322230
KA03,Maroor Motors,WKA030169545
KA03,Maroor Motors,WKA030159004
KA03,Maroor Motors,WKA0322903
KA03,Maroor Motors,WKA030161009
KA03,Maroor Motors,WKA0311642
KA03,Maroor Motors,WKA0360191
KA03,Maroor Motors,WKA030131688
KA03,Maroor Motors,WKA0386483
KA03,Maroor Motors,WKA0374685
KA03,Maroor Motors,WKA030152927
KA03,Maroor Motors,WKA0362134
KA03,Maroor Motors,WKA0309892
KA03,Maroor Motors,WKA0310522
KA03,Maroor Motors,WKA030157484
KA03,Maroor Motors,WKA0313110
KA03,Maroor Motors,WKA0358216
KA03,Maroor Motors,WKA030159852
KA03,Maroor Motors,WKA030155007
KA03,Maroor Motors,WKA0309950
KA03,Maroor Motors,WKA0313539
KA03,Maroor Motors,WKA0313577
KA03,Maroor Motors,WKA030147826
KA03,Maroor Motors,WKA0330970
KA03,Maroor Motors,WKA0334650
KA03,Maroor Motors,WKA0320559
KA03,Maroor Motors,WKA0312557
KA03,Maroor Motors,WKA030152165
KA03,Maroor Motors,WKA0313466
KA03,Maroor Motors,WKA0313580
KA03,Maroor Motors,WKA0324705
KA03,Maroor Motors,WKA030157525
KA03,Maroor Motors,WKA0347572
KA03,Maroor Motors,WKA0324249
KA03,Maroor Motors,WKA0311698
KA03,Maroor Motors,WKA030137264
KA03,Maroor Motors,WKA0324600
KA03,Maroor Motors,WKA0319381
KA03,Maroor Motors,WKA0346197
KA03,Maroor Motors,WKA0309092
KA03,Maroor Motors,WKA0313611
KA03,Maroor Motors,WKA0324670
KA03,Maroor Motors,WKA0326459
KA03,Maroor Motors,WKA0320290
KA03,Maroor Motors,WKA0335193
KA03,Maroor Motors,WKA0322915
KA03,Maroor Motors,WKA0324809
KA03,Maroor Motors,WKA0324271
KA03,Maroor Motors,WKA0359313
KA03,Maroor Motors,WKA030163758
KA03,Maroor Motors,WKA0327973
KA03,Maroor Motors,WKA030164164
KA03,Maroor Motors,WKA0309212
KA03,Maroor Motors,WKA0309999
KA03,Maroor Motors,WKA0314473
KA03,Maroor Motors,WKA0322209
KA03,Maroor Motors,WKA0309616
KA03,Maroor Motors,WKA0312663
KA03,Maroor Motors,WKA0322774
KA03,Maroor Motors,WKA0321433
KA03,Maroor Motors,WKA0371438
KA03,Maroor Motors,WKA0321539
KA03,Maroor Motors,WKA0313457
KA03,Maroor Motors,WKA0354321
KA03,Maroor Motors,WKA0346199
KA03,Maroor Motors,WKA0313472
KA03,Maroor Motors,WKA0332178
KA03,Maroor Motors,WKA0322228
KA03,Maroor Motors,WKA0393304
KA03,Maroor Motors,WKA030134767
KA03,Maroor Motors,WKA0310342
KA03,Maroor Motors,WKA0309211
KA03,Maroor Motors,WKA0312575
KA03,Maroor Motors,WKA0358217
KA03,Maroor Motors,WKA0313544
KA03,Maroor Motors,WKA0326910
KA03,Maroor Motors,WKA0347890
KA03,Maroor Motors,WKA0325198
KA03,Maroor Motors,WKA0313454
KA03,Maroor Motors,WKA0319716
KA03,Maroor Motors,WKA0352612
KA03,Maroor Motors,WKA0341968
KA03,Maroor Motors,WKA0369245
KA03,Maroor Motors,WKA0312731
KA03,Maroor Motors,WKA0312665
KA03,Maroor Motors,WKA0310635
KA03,Maroor Motors,WKA0323509
KA03,Maroor Motors,WKA0309990
KA03,Maroor Motors,WKA0384383
KA03,Maroor Motors,WKA0348471
KA03,Maroor Motors,WKA0324868
KA03,Maroor Motors,WKA0309091
KA03,Maroor Motors,WKA030147919
KA03,Maroor Motors,WKA0313363
KA03,Maroor Motors,WKA0324828
KA03,Maroor Motors,WKA0323404
KA03,Maroor Motors,WKA030137606
KA03,Maroor Motors,WKA0326364
KA03,Maroor Motors,WKA0321424
KA03,Maroor Motors,WKA0325216
KA03,Maroor Motors,WKA0383029
KA03,Maroor Motors,WKA030161664
KA03,Maroor Motors,WKA0318688
KA03,Maroor Motors,WKA0353559
KA03,Maroor Motors,WKA0321280
KA03,Maroor Motors,WKA0368392
KA03,Maroor Motors,WKA0324597
KA03,Maroor Motors,WKA0304597
KA03,Maroor Motors,WKA0324836
KA03,Maroor Motors,WKA0342051
KA03,Maroor Motors,WKA0352613
KA03,Maroor Motors,WKA0346200
KA03,Maroor Motors,WKA0368490
KA03,Maroor Motors,WKA0390688
KA03,Maroor Motors,WKA0309621
KA03,Maroor Motors,WKA030148349
KA03,Maroor Motors,WKA0320454
KA03,Maroor Motors,WKA0355066
KA03,Maroor Motors,WKA0313462
KA03,Maroor Motors,WKA030167768
KA03,Maroor Motors,WKA0313584
KA03,Maroor Motors,WKA030131505
KA03,Maroor Motors,WKA0339860
KA03,Maroor Motors,WKA0309173
KA03,Maroor Motors,WKA0325234
KA03,Maroor Motors,WKA0319694
KA03,Maroor Motors,WKA0369913
KA03,Maroor Motors,WKA030134205
KA03,Maroor Motors,WKA0313534
KA03,Maroor Motors,WKA0313532
KA03,Maroor Motors,WKA0350703
KA03,Maroor Motors,WKA0341031
KA03,Maroor Motors,WKA0309244
KA03,Maroor Motors,WKA0352614
KA03,Maroor Motors,WKA0310338
KA03,Maroor Motors,WKA0325381
KA03,Maroor Motors,WKA0324816
KA03,Maroor Motors,WKA0321470
KA03,Maroor Motors,WKA0325271
KA03,Maroor Motors,WKA0324876
KA03,Maroor Motors,WKA030163989
KA03,Maroor Motors,WKA0365215
KA03,Maroor Motors,WKA0335195
KA03,Maroor Motors,WKA0338860
KA03,Maroor Motors,WKA0344572
KA03,Maroor Motors,WKA0313072
KA03,Maroor Motors,WKA030152684
KA03,Maroor Motors,WKA0375829
KA03,Maroor Motors,WKA0327541
KA03,Maroor Motors,WKA0371156
KA03,Maroor Motors,WKA0325280
KA03,Maroor Motors,WKA0382384
KA03,Maroor Motors,WKA0312945
KA03,Maroor Motors,WKA0347871
KA03,Maroor Motors,WKA0334146
KA03,Maroor Motors,WKA0309610
KA03,Maroor Motors,WKA030164007
KA03,Maroor Motors,WKA0309697
KA03,Maroor Motors,WKA0312949
KA03,Maroor Motors,WKA0313525
KA03,Maroor Motors,WKA0324272
KA03,Maroor Motors,WKA0310362
KA03,Maroor Motors,WKA0312683
KA03,Maroor Motors,WKA0313522
KA03,Maroor Motors,WKA0321699
KA03,Maroor Motors,WKA030168214
KA03,Maroor Motors,WKA0369390
KA03,Maroor Motors,WKA0324834
KA03,Maroor Motors,WKA030132224
KA03,Maroor Motors,WKA0313540
KA03,Maroor Motors,WKA0310366
KA03,Maroor Motors,WKA0325219
KA03,Maroor Motors,WKA0321489
KA03,Maroor Motors,WKA0333530
KA03,Maroor Motors,WKA0309239
KA03,Maroor Motors,WKA0324490
KA03,Maroor Motors,WKA0368395
KA03,Maroor Motors,WKA0324881
KA03,Maroor Motors,WKA0322232
KA03,Maroor Motors,WKA0354271
KA03,Maroor Motors,WKA0311444
KA03,Maroor Motors,WKA030164707
KA03,Maroor Motors,WKA030120084
KA03,Maroor Motors,WKA0310604
KA03,Maroor Motors,WKA0313126
KA03,Maroor Motors,WKA0324837
KA03,Maroor Motors,WKA0321438
KA03,Maroor Motors,WKA030162008
KA03,Maroor Motors,WKA0320593
KA03,Maroor Motors,WKA0341136
KA03,Maroor Motors,WKA0325269
KA03,Maroor Motors,WKA0310520
KA03,Maroor Motors,WKA0387787
KA03,Maroor Motors,WKA0334652
KA03,Maroor Motors,WKA0324314
KA03,Maroor Motors,WKA0310564
KA03,Maroor Motors,WKA0366038
KA03,Maroor Motors,WKA0310370
KA03,Maroor Motors,WKA0324853
KA03,Maroor Motors,WKA0338861
KA03,Maroor Motors,WKA0313092
KA03,Maroor Motors,WKA0324117
KA03,Maroor Motors,WKA0313819
KA03,Maroor Motors,WKA0313528
KA03,Maroor Motors,WKA030148114
KA03,Maroor Motors,WKA0309843
KA03,Maroor Motors,WKA0376725
KA03,Maroor Motors,WKA030142509
KA03,Maroor Motors,WKA0344214
KA03,Maroor Motors,WKA0340145
KA03,Maroor Motors,WKA030148351
KA03,Maroor Motors,WKA0360016
KA03,Maroor Motors,WKA0325238
KA03,Maroor Motors,WKA0311173
KA03,Maroor Motors,WKA0312561
KA03,Maroor Motors,WKA0309829
KA03,Maroor Motors,WKA0318169
KA03,Maroor Motors,WKA0309711
KA03,Maroor Motors,WKA0309215
KA03,Maroor Motors,WKA0334655
KA03,Maroor Motors,WKA0313099
KA03,Maroor Motors,WKA030119804
KA03,Maroor Motors,WKA0310182
KA03,Maroor Motors,WKA0309724
KA03,Maroor Motors,WKA0309197
KA03,Maroor Motors,WKA0313599
KA04,Shakti Auto Mart,WKA0456770
KA04,Shakti Auto Mart,WKA0419578
KA04,Shakti Auto Mart,WKA040123782
KA04,Shakti Auto Mart,WKA0418234
KA04,Shakti Auto Mart,WKA0420696
KA04,Shakti Auto Mart,WKA0418223
KA04,Shakti Auto Mart,WKA0419559
KA04,Shakti Auto Mart,WKA0411543
KA04,Shakti Auto Mart,WKA0419868
KA04,Shakti Auto Mart,WKA040132925
KA04,Shakti Auto Mart,WKA0477167
KA04,Shakti Auto Mart,WKA0492847
KA04,Shakti Auto Mart,WKA0418336
KA04,Shakti Auto Mart,WKA0459810
KA04,Shakti Auto Mart,WKA0420305
KA04,Shakti Auto Mart,WKA0419388
KA04,Shakti Auto Mart,WKA0422330
KA04,Shakti Auto Mart,WKA040119167
KA04,Shakti Auto Mart,WKA0404886
KA04,Shakti Auto Mart,WKA0420907
KA04,Shakti Auto Mart,WKA0418496
KA04,Shakti Auto Mart,WKA0422882
KA04,Shakti Auto Mart,WKA040124723
KA04,Shakti Auto Mart,WKA0418787
KA04,Shakti Auto Mart,WKA0402691
KA04,Shakti Auto Mart,WKA0499007
KA04,Shakti Auto Mart,WKA0420820
KA04,Shakti Auto Mart,WKA0423745
KA04,Shakti Auto Mart,WKA0418590
KA04,Shakti Auto Mart,WKA0402519
KA04,Shakti Auto Mart,WKA040136425
KA04,Shakti Auto Mart,WKA0421701
KA04,Shakti Auto Mart,WKA0482683
KA04,Shakti Auto Mart,WKA0423038
KA04,Shakti Auto Mart,WKA040121884
KA04,Shakti Auto Mart,WKA040148478
KA04,Shakti Auto Mart,WKA0411642
KA04,Shakti Auto Mart,WKA0419864
KA04,Shakti Auto Mart,WKA0401905
KA04,Shakti Auto Mart,WKA0418185
KA04,Shakti Auto Mart,WKA0407743
KA04,Shakti Auto Mart,WKA0420495
KA04,Shakti Auto Mart,WKA040152595
KA04,Shakti Auto Mart,WKA0419807
KA04,Shakti Auto Mart,WKA0422105
KA04,Shakti Auto Mart,WKA0410206
KA04,Shakti Auto Mart,WKA0424669
KA04,Shakti Auto Mart,WKA0432299
KA04,Shakti Auto Mart,WKA0422352
KA04,Shakti Auto Mart,WKA0422991
KA04,Shakti Auto Mart,WKA0423458
KA04,Shakti Auto Mart,WKA0494483
KA04,Shakti Auto Mart,WKA040148353
KA04,Shakti Auto Mart,WKA040144332
KA04,Shakti Auto Mart,WKA0482843
KA04,Shakti Auto Mart,WKA0418465
KA04,Shakti Auto Mart,WKA0406908
KA04,Shakti Auto Mart,WKA0420097
KA04,Shakti Auto Mart,WKA0428952
KA04,Shakti Auto Mart,WKA040132545
KA04,Shakti Auto Mart,WKA040152351
KA04,Shakti Auto Mart,WKA0423641
KA04,Shakti Auto Mart,WKA0422983
KA04,Shakti Auto Mart,WKA0410216
KA04,Shakti Auto Mart,WKA040125103
KA04,Shakti Auto Mart,WKA0422894
KA04,Shakti Auto Mart,WKA0411387
KA04,Shakti Auto Mart,WKA0423714
KA04,Shakti Auto Mart,WKA0433482
KA04,Shakti Auto Mart,WKA0421401
KA04,Shakti Auto Mart,WKA0496343
KA04,Shakti Auto Mart,WKA0418400
KA04,Shakti Auto Mart,WKA0420702
KA04,Shakti Auto Mart,WKA0423460
KA04,Shakti Auto Mart,WKA0423353
KA04,Shakti Auto Mart,WKA0420476
KA04,Shakti Auto Mart,WKA0419878
KA04,Shakti Auto Mart,WKA0418384
KA04,Shakti Auto Mart,WKA0420325
KA04,Shakti Auto Mart,WKA040143924
KA04,Shakti Auto Mart,WKA0411588
KA04,Shakti Auto Mart,WKA040149707
KA04,Shakti Auto Mart,WKA0450720
KA04,Shakti Auto Mart,WKA040151992
KA04,Shakti Auto Mart,WKA0423322
KA04,Shakti Auto Mart,WKA040144448
KA04,Shakti Auto Mart,WKA0481764
KA04,Shakti Auto Mart,WKA0459671
KA04,Shakti Auto Mart,WKA0466931
KA04,Shakti Auto Mart,WKA0433240
KA04,Shakti Auto Mart,WKA0422863
KA04,Shakti Auto Mart,WKA040144331
KA04,Shakti Auto Mart,WKA0410373
KA04,Shakti Auto Mart,WKA040145075
KA04,Shakti Auto Mart,WKA0422922
KA04,Shakti Auto Mart,WKA0422854
KA04,Shakti Auto Mart,WKA040147704
KA04,Shakti Auto Mart,WKA0423456
KA04,Shakti Auto Mart,WKA0418860
KA04,Shakti Auto Mart,WKA0461618
KA04,Shakti Auto Mart,WKA0468354
KA04,Shakti Auto Mart,WKA040145006
KA04,Shakti Auto Mart,WKA0427164
KA04,Shakti Auto Mart,WKA0412604
KA04,Shakti Auto Mart,WKA0410240
KA04,Shakti Auto Mart,WKA0460911
KA04,Shakti Auto Mart,WKA0419809
KA04,Shakti Auto Mart,WKA0427294
KA04,Shakti Auto Mart,WKA0450434
KA04,Shakti Auto Mart,WKA0490343
KA04,Shakti Auto Mart,WKA0456776
KA04,Shakti Auto Mart,WKA0411521
KA04,Shakti Auto Mart,WKA0402472
KA04,Shakti Auto Mart,WKA0422413
KA04,Shakti Auto Mart,WKA0406844
KA04,Shakti Auto Mart,WKA040143229
KA04,Shakti Auto Mart,WKA0480764
KA04,Shakti Auto Mart,WKA040121802
KA04,Shakti Auto Mart,WKA0402479
KA04,Shakti Auto Mart,WKA0494007
KA04,Shakti Auto Mart,WKA0402258
KA04,Shakti Auto Mart,WKA0419252
KA04,Shakti Auto Mart,WKA040124103
KA04,Shakti Auto Mart,WKA040155366
KA04,Shakti Auto Mart,WKA0426377
KA04,Shakti Auto Mart,WKA0421994
KA04,Shakti Auto Mart,WKA040121703
KA04,Shakti Auto Mart,WKA0411330
KA04,Shakti Auto Mart,WKA0411042
KA04,Shakti Auto Mart,WKA0447777
KA04,Shakti Auto Mart,WKA040148188
KA04,Shakti Auto Mart,WKA040129684
KA04,Shakti Auto Mart,WKA0424915
KA04,Shakti Auto Mart,WKA0458010
KA04,Shakti Auto Mart,WKA0403343
KA04,Shakti Auto Mart,WKA0474102
KA04,Shakti Auto Mart,WKA0476269
KA04,Shakti Auto Mart,WKA0432221
KA04,Shakti Auto Mart,WKA0456777
KA04,Shakti Auto Mart,WKA0402264
KA04,Shakti Auto Mart,WKA0431545
KA04,Shakti Auto Mart,WKA040129664
KA04,Shakti Auto Mart,WKA0422689
KA04,Shakti Auto Mart,WKA0411268
KA04,Shakti Auto Mart,WKA0495903
KA04,Shakti Auto Mart,WKA0460412
KA04,Shakti Auto Mart,WKA0413234
KA04,Shakti Auto Mart,WKA040122722
KA04,Shakti Auto Mart,WKA0457871
KA04,Shakti Auto Mart,WKA040122542
KA04,Shakti Auto Mart,WKA0428810
KA04,Shakti Auto Mart,WKA040143133
KA04,Shakti Auto Mart,WKA040125402
KA04,Shakti Auto Mart,WKA0433962
KA04,Shakti Auto Mart,WKA0465572
KA04,Shakti Auto Mart,WKA0406966
KA04,Shakti Auto Mart,WKA040151768
KA04,Shakti Auto Mart,WKA040124102
KA04,Shakti Auto Mart,WKA0418879
KA04,Shakti Auto Mart,WKA040129166
KA04,Shakti Auto Mart,WKA0490123
KA04,Shakti Auto Mart,WKA0422847
KA04,Shakti Auto Mart,WKA0445289
KA04,Shakti Auto Mart,WKA0466632
KA04,Shakti Auto Mart,WKA040148187
KA04,Shakti Auto Mart,WKA040138525
KA04,Shakti Auto Mart,WKA040120984
KA04,Shakti Auto Mart,WKA0425781
KA04,Shakti Auto Mart,WKA040144504
KA04,Shakti Auto Mart,WKA040149778
KA04,Shakti Auto Mart,WKA0402455
KA04,Shakti Auto Mart,WKA0429023
KA04,Shakti Auto Mart,WKA0461390
KA04,Shakti Auto Mart,WKA0420095
KA04,Shakti Auto Mart,WKA0476270
KA04,Shakti Auto Mart,WKA040118658
KA04,Shakti Auto Mart,WKA040142705
KA04,Shakti Auto Mart,WKA0493945
KA04,Shakti Auto Mart,WKA0430050
KA04,Shakti Auto Mart,WKA040142841
KA04,Shakti Auto Mart,WKA0422876
KA04,Shakti Auto Mart,WKA040146586
KA04,Shakti Auto Mart,WKA0420306
KA04,Shakti Auto Mart,WKA0428818
KA04,Shakti Auto Mart,WKA0411063
KA04,Shakti Auto Mart,WKA040146613
KA04,Shakti Auto Mart,WKA0410110
KA04,Shakti Auto Mart,WKA0420381
KA04,Shakti Auto Mart,WKA0406964
KA04,Shakti Auto Mart,WKA0462070
KA04,Shakti Auto Mart,WKA040133384
KA04,Shakti Auto Mart,WKA0418291
KA04,Shakti Auto Mart,WKA0480445
KA04,Shakti Auto Mart,WKA040161985
KA04,Shakti Auto Mart,WKA0475184
KA04,Shakti Auto Mart,WKA0425240
KA04,Shakti Auto Mart,WKA0422870
KA04,Shakti Auto Mart,WKA0441032
KA04,Shakti Auto Mart,WKA0445408
KA04,Shakti Auto Mart,WKA0436433
KA04,Shakti Auto Mart,WKA040139844
KA04,Shakti Auto Mart,WKA040146894
KA04,Shakti Auto Mart,WKA040124622
KA04,Shakti Auto Mart,WKA0411416
KA04,Shakti Auto Mart,WKA0422881
KA04,Shakti Auto Mart,WKA0419533
KA04,Shakti Auto Mart,WKA0490566
KA04,Shakti Auto Mart,WKA0418439
KA04,Shakti Auto Mart,WKA0403025
KA04,Shakti Auto Mart,WKA040152110
KA04,Shakti Auto Mart,WKA040130824
KA04,Shakti Auto Mart,WKA0411533
KA04,Shakti Auto Mart,WKA0456435
KA04,Shakti Auto Mart,WKA040153207
KA04,Shakti Auto Mart,WKA040147834
KA04,Shakti Auto Mart,WKA0422865
KA04,Shakti Auto Mart,WKA0471316
KA04,Shakti Auto Mart,WKA0439508
KA04,Shakti Auto Mart,WKA0422348
KA04,Shakti Auto Mart,WKA0463233
KA04,Shakti Auto Mart,WKA0431482
KA04,Shakti Auto Mart,WKA0425922
KA04,Shakti Auto Mart,WKA040154705
KA04,Shakti Auto Mart,WKA0402484
KA04,Shakti Auto Mart,WKA0442687
KA04,Shakti Auto Mart,WKA040130547
KA04,Shakti Auto Mart,WKA0411520
KA04,Shakti Auto Mart,WKA040161048
KA04,Shakti Auto Mart,WKA040143984
KA04,Shakti Auto Mart,WKA0476826
KA04,Shakti Auto Mart,WKA0465912
KA04,Shakti Auto Mart,WKA0410106
KA04,Shakti Auto Mart,WKA0429646
KA04,Shakti Auto Mart,WKA040132324
KA04,Shakti Auto Mart,WKA0460831
KA04,Shakti Auto Mart,WKA0422850
KA04,Shakti Auto Mart,WKA0411510
KA04,Shakti Auto Mart,WKA0422334
KA04,Shakti Auto Mart,WKA0402973
KA04,Shakti Auto Mart,WKA040151089
KA04,Shakti Auto Mart,WKA0419838
KA04,Shakti Auto Mart,WKA0425888
KA04,Shakti Auto Mart,WKA0424446
KA04,Shakti Auto Mart,WKA0427360
KA04,Shakti Auto Mart,WKA0401751
KA04,Shakti Auto Mart,WKA0422886
KA04,Shakti Auto Mart,WKA0425968
KA04,Shakti Auto Mart,WKA040142958
KA04,Shakti Auto Mart,UAW054
KA04,Shakti Auto Mart,WKA0421756
KA04,Shakti Auto Mart,WKA040122243
KA04,Shakti Auto Mart,WKA0419248
KA04,Shakti Auto Mart,WKA0481490
KA04,Shakti Auto Mart,WKA0492946
KA04,Shakti Auto Mart,WKA040146893
KA04,Shakti Auto Mart,WKA0445650
KA04,Shakti Auto Mart,UAW405
KA04,Shakti Auto Mart,WKA040154084
KA04,Shakti Auto Mart,WKA040144144
KA04,Shakti Auto Mart,WKA0436505
KA04,Shakti Auto Mart,WKA0403015
KA04,Shakti Auto Mart,WKA0423412
KA04,Shakti Auto Mart,WKA0459934
KA04,Shakti Auto Mart,WKA0466873
KA04,Shakti Auto Mart,WKA0483443
KA04,Shakti Auto Mart,WKA0426370
KA04,Shakti Auto Mart,WKA0419214
KA04,Shakti Auto Mart,WKA0402423
KA04,Shakti Auto Mart,WKA040118962
KA04,Shakti Auto Mart,WKA0419226
KA04,Shakti Auto Mart,WKA0476603
KA04,Shakti Auto Mart,WKA0422835
KA04,Shakti Auto Mart,WKA0401909
KA04,Shakti Auto Mart,WKA0425299
KA04,Shakti Auto Mart,WKA0410660
KA04,Shakti Auto Mart,WKA0411773
KA04,Shakti Auto Mart,WKA0400042
KA04,Shakti Auto Mart,WKA0497824
KA04,Shakti Auto Mart,WKA0422693
KA04,Shakti Auto Mart,WKA0420045
KA04,Shakti Auto Mart,WKA0490124
KA04,Shakti Auto Mart,WKA0402368
KA04,Shakti Auto Mart,WKA040147119
KA04,Shakti Auto Mart,WKA0402366
KA04,Shakti Auto Mart,WKA0447073
KA04,Shakti Auto Mart,WKA0403011
KA04,Shakti Auto Mart,WKA0445851
KA04,Shakti Auto Mart,WKA0491004
KA04,Shakti Auto Mart,WKA0460792
KA04,Shakti Auto Mart,UKA04071CHB12698
KA04,Shakti Auto Mart,WKA0402372
KA04,Shakti Auto Mart,WKA0456791
KA04,Shakti Auto Mart,WKA0447098
KA04,Shakti Auto Mart,WKA0422418
KA04,Shakti Auto Mart,WKA040129924
KA04,Shakti Auto Mart,WKA0419501
KA04,Shakti Auto Mart,WKA040157527
KA04,Shakti Auto Mart,WKA0409082
KA04,Shakti Auto Mart,WKA040165904
KA04,Shakti Auto Mart,WKA0422890
KA04,Shakti Auto Mart,WKA040141484
KA04,Shakti Auto Mart,WKA0406906
KA04,Shakti Auto Mart,WKA0421714
KA04,Shakti Auto Mart,WKA0402221
KA04,Shakti Auto Mart,WKA040146247
KA04,Shakti Auto Mart,WKA0432116
KA04,Shakti Auto Mart,WKA0418361
KA04,Shakti Auto Mart,WKA0401911
KA04,Shakti Auto Mart,WKA0419000
KA04,Shakti Auto Mart,WKA0402978
KA04,Shakti Auto Mart,WKA0419859
KA04,Shakti Auto Mart,WKA040152113
KA04,Shakti Auto Mart,WKA0411351
KA04,Shakti Auto Mart,WKA0424886
KA04,Shakti Auto Mart,WKA0437236
KA04,Shakti Auto Mart,WKA0421420
KA04,Shakti Auto Mart,WKA0412264
KA04,Shakti Auto Mart,WKA040142184
KA04,Shakti Auto Mart,WKA0425889
KA04,Shakti Auto Mart,WKA040160344
KA04,Shakti Auto Mart,WKA0425256
KA04,Shakti Auto Mart,WKA0412953
KA04,Shakti Auto Mart,WKA0498185
KA04,Shakti Auto Mart,WKA0419796
KA04,Shakti Auto Mart,WKA0402442
KA04,Shakti Auto Mart,WKA0411592
KA04,Shakti Auto Mart,WKA0423801
KA04,Shakti Auto Mart,UAW358
KA04,Shakti Auto Mart,WKA0419429
KA04,Shakti Auto Mart,WKA0480444
KA04,Shakti Auto Mart,WKA0436549
KA04,Shakti Auto Mart,WKA040157524
KA04,Shakti Auto Mart,WKA0417788
KA04,Shakti Auto Mart,WKA040142708
KA04,Shakti Auto Mart,WKA040161325
KA04,Shakti Auto Mart,WKA0422131
KA04,Shakti Auto Mart,WKA0402428
KA04,Shakti Auto Mart,WKA0468550
KA04,Shakti Auto Mart,WKA0493843
KA04,Shakti Auto Mart,WKA0423898
KA04,Shakti Auto Mart,WKA0423417
KA04,Shakti Auto Mart,WKA0410878
KA04,Shakti Auto Mart,WKA0419888
KA04,Shakti Auto Mart,WKA0422701
KA04,Shakti Auto Mart,WKA0406996
KA04,Shakti Auto Mart,WKA0469294
KA04,Shakti Auto Mart,WKA0426150
KA04,Shakti Auto Mart,WKA040144464
KA04,Shakti Auto Mart,WKA040152164
KA04,Shakti Auto Mart,WKA040155884
KA04,Shakti Auto Mart,WKA0416391
KA04,Shakti Auto Mart,WKA0401822
KA04,Shakti Auto Mart,WKA0402468
KA04,Shakti Auto Mart,WKA0435207
KA04,Shakti Auto Mart,WKA0451414
KA04,Shakti Auto Mart,WKA0401907
KA04,Shakti Auto Mart,WKA0402393
KA04,Shakti Auto Mart,WKA040156794
KA04,Shakti Auto Mart,WKA0415240
KA04,Shakti Auto Mart,WKA0497823
KA04,Shakti Auto Mart,WKA0422704
KA04,Shakti Auto Mart,WKA040166304
KA04,Shakti Auto Mart,WKA0411382
KA04,Shakti Auto Mart,WKA040152284
KA04,Shakti Auto Mart,UAW231
KA04,Shakti Auto Mart,WKA0437488
KA04,Shakti Auto Mart,WKA040161185
KA04,Shakti Auto Mart,WKA0424424
KA04,Shakti Auto Mart,WKA0411384
KA04,Shakti Auto Mart,WKA0472542
KA04,Shakti Auto Mart,WKA0453811
KA04,Shakti Auto Mart,WKA0432722
KA04,Shakti Auto Mart,WKA040146298
KA04,Shakti Auto Mart,WKA040157125
KA04,Shakti Auto Mart,WKA0429196
KA04,Shakti Auto Mart,WKA040143766
KA04,Shakti Auto Mart,WKA040148816
KA04,Shakti Auto Mart,WKA040147120
KA04,Shakti Auto Mart,WKA0410036
KA04,Shakti Auto Mart,WKA040147726
KA04,Shakti Auto Mart,WKA040162501
KA04,Shakti Auto Mart,WKA0417798
KA04,Shakti Auto Mart,WKA0428935
KA04,Shakti Auto Mart,WKA040157653
KA04,Shakti Auto Mart,UAW118
KA04,Shakti Auto Mart,WKA0422884
KA04,Shakti Auto Mart,WKA040129705
KA04,Shakti Auto Mart,WKA0431210
KA04,Shakti Auto Mart,WKA0497584
KA04,Shakti Auto Mart,WKA0402450
KA04,Shakti Auto Mart,WKA0410504
KA04,Shakti Auto Mart,WKA0402300
KA04,Shakti Auto Mart,WKA0437341
KA04,Shakti Auto Mart,WKA0423137
KA04,Shakti Auto Mart,WKA0422848
KA04,Shakti Auto Mart,WKA0411771
KA04,Shakti Auto Mart,WKA040146297
KA04,Shakti Auto Mart,WKA0411204
KA04,Shakti Auto Mart,WKA0427024
KA04,Shakti Auto Mart,WKA0402521
KA04,Shakti Auto Mart,WKA0422964
KA04,Shakti Auto Mart,WKA0461617
KA04,Shakti Auto Mart,WKA0438748
KA04,Shakti Auto Mart,UKA04071CHB08324
KA04,Shakti Auto Mart,WKA0497523
KA04,Shakti Auto Mart,WKA040138504
KA04,Shakti Auto Mart,WKA0403694
KA04,Shakti Auto Mart,WKA0403782
KA04,Shakti Auto Mart,WKA040150496
KA04,Shakti Auto Mart,WKA0402302
KA04,Shakti Auto Mart,WKA0413954
KA04,Shakti Auto Mart,WKA040154225
KA04,Shakti Auto Mart,WKA0418673
KA04,Shakti Auto Mart,WKA0466517
KA04,Shakti Auto Mart,WKA0420718
KA04,Shakti Auto Mart,WKA040148714
KA04,Shakti Auto Mart,WKA040141727
KA04,Shakti Auto Mart,WKA0410132
KA04,Shakti Auto Mart,WKA0444271
KA04,Shakti Auto Mart,WKA040163145
KA04,Shakti Auto Mart,WKA040166405
KA04,Shakti Auto Mart,WKA0422837
KA04,Shakti Auto Mart,WKA0450052
KA04,Shakti Auto Mart,WKA040169804
KA04,Shakti Auto Mart,WKA0406997
KA04,Shakti Auto Mart,WKA040153209
KA04,Shakti Auto Mart,WKA0407999
KA04,Shakti Auto Mart,WKA0429393
KA04,Shakti Auto Mart,WKA0432206
KA04,Shakti Auto Mart,WKA040162384
KA04,Shakti Auto Mart,WKA0430280
KA04,Shakti Auto Mart,WKA0424472
KA04,Shakti Auto Mart,WKA040124811
KA04,Shakti Auto Mart,WKA0459052
KA04,Shakti Auto Mart,WKA040118290
KA04,Shakti Auto Mart,WKA0411317
KA04,Shakti Auto Mart,WKA0402401
KA04,Shakti Auto Mart,WKA040146885
KA04,Shakti Auto Mart,WKA040165485
KA04,Shakti Auto Mart,WKA0422849
KA04,Shakti Auto Mart,WKA040154227
KA04,Shakti Auto Mart,WKA0422709
KA04,Shakti Auto Mart,WKA0405793
KA04,Shakti Auto Mart,WKA0424440
KA04,Shakti Auto Mart,WKA0428543
KA04,Shakti Auto Mart,WKA040152951
KA04,Shakti Auto Mart,WKA0425357
KA04,Shakti Auto Mart,WKA0422678
KA04,Shakti Auto Mart,WKA040150244
KA04,Shakti Auto Mart,WKA0477444
KA04,Shakti Auto Mart,WKA0411136
KA04,Shakti Auto Mart,WKA0422686
KA04,Shakti Auto Mart,WKA0411234
KA04,Shakti Auto Mart,WKA0484743
KA04,Shakti Auto Mart,WKA040139464
KA04,Shakti Auto Mart,WKA0445130
KA04,Shakti Auto Mart,WKA0407834
KA04,Shakti Auto Mart,WKA0464914
KA04,Shakti Auto Mart,WKA040154888
KA04,Shakti Auto Mart,WKA040168284
KA04,Shakti Auto Mart,WKA0419879
KA04,Shakti Auto Mart,WKA0429497
KA04,Shakti Auto Mart,WKA0442845
KA04,Shakti Auto Mart,WKA0422146
KA04,Shakti Auto Mart,WKA0456600
KA04,Shakti Auto Mart,WKA0419909
KA04,Shakti Auto Mart,WKA0401912
KA04,Shakti Auto Mart,WKA0411776
KA04,Shakti Auto Mart,WKA0410606
KA04,Shakti Auto Mart,WKA0422764
KA04,Shakti Auto Mart,WKA040145879
KA04,Shakti Auto Mart,WKA0419170
KA04,Shakti Auto Mart,WKA0422843
KA04,Shakti Auto Mart,WKA040162627
KA04,Shakti Auto Mart,WKA0410653
KA04,Shakti Auto Mart,WKA0422757
KA04,Shakti Auto Mart,WKA0465753
KA04,Shakti Auto Mart,WKA0404376
KA04,Shakti Auto Mart,WKA0435286
KA04,Shakti Auto Mart,WKA0404335
KA04,Shakti Auto Mart,WKA0422956
KA04,Shakti Auto Mart,WKA040160048
KA04,Shakti Auto Mart,WKA0465551
KA04,Shakti Auto Mart,WKA0422749
KA04,Shakti Auto Mart,WKA0406961
KA04,Shakti Auto Mart,WKA040162990
KA04,Shakti Auto Mart,WKA040120262
KA04,Shakti Auto Mart,WKA0441249
KA04,Shakti Auto Mart,WKA0420342
KA04,Shakti Auto Mart,WKA040160385
KA04,Shakti Auto Mart,WKA0411539
KA04,Shakti Auto Mart,WKA0461200
KA04,Shakti Auto Mart,WKA040161894
KA04,Shakti Auto Mart,WKA0410382
KA04,Shakti Auto Mart,WKA040163065
KA04,Shakti Auto Mart,WKA040161204
KA04,Shakti Auto Mart,WKA040164328
KA04,Shakti Auto Mart,WKA0434790
KA04,Shakti Auto Mart,WKA0432924
KA04,Shakti Auto Mart,WKA0422751
KA04,Shakti Auto Mart,WKA0422681
KA04,Shakti Auto Mart,WKA0422680
KA04,Shakti Auto Mart,WKA0411208
KA04,Shakti Auto Mart,WKA0410278
KA04,Shakti Auto Mart,WKA0475743
KA04,Shakti Auto Mart,WKA0422703
KA04,Shakti Auto Mart,WKA040156564
KA04,Shakti Auto Mart,WKA0411016
KA04,Shakti Auto Mart,WKA0418983
KA04,Shakti Auto Mart,WKA0468804
KA04,Shakti Auto Mart,WKA0433213
KA04,Shakti Auto Mart,WKA0488685
KA04,Shakti Auto Mart,UAW028
KA04,Shakti Auto Mart,WKA0490648
KA04,Shakti Auto Mart,WKA0420061
KA05,Popular Auto Dealers Pvt.Ltd,WKA0501227
KA05,Popular Auto Dealers Pvt.Ltd,WKA0501216
KA05,Popular Auto Dealers Pvt.Ltd,WKA050127867
KA05,Popular Auto Dealers Pvt.Ltd,WKA0591803
KA05,Popular Auto Dealers Pvt.Ltd,WKA0501211
KA05,Popular Auto Dealers Pvt.Ltd,WKA0554481
KA05,Popular Auto Dealers Pvt.Ltd,WKA050130427
KA05,Popular Auto Dealers Pvt.Ltd,WKA050132946
KA05,Popular Auto Dealers Pvt.Ltd,WKA0501213
KA05,Popular Auto Dealers Pvt.Ltd,WKA0501147
KA05,Popular Auto Dealers Pvt.Ltd,WKA0500963
KA05,Popular Auto Dealers Pvt.Ltd,WKA050125702
KA05,Popular Auto Dealers Pvt.Ltd,WKA0511673
KA05,Popular Auto Dealers Pvt.Ltd,WKA0500997
KA05,Popular Auto Dealers Pvt.Ltd,WKA0501120
KA05,Popular Auto Dealers Pvt.Ltd,WKA0548930
KA05,Popular Auto Dealers Pvt.Ltd,WKA0501124
KA05,Popular Auto Dealers Pvt.Ltd,WKA0501112
KA05,Popular Auto Dealers Pvt.Ltd,WKA0501117
KA05,Popular Auto Dealers Pvt.Ltd,WKA0501151
KA05,Popular Auto Dealers Pvt.Ltd,WKA0501126
KA05,Popular Auto Dealers Pvt.Ltd,WKA0500962
KA05,Popular Auto Dealers Pvt.Ltd,WKA0500984
KA05,Popular Auto Dealers Pvt.Ltd,WKA0501129
KA05,Popular Auto Dealers Pvt.Ltd,WKA0511400
KA05,Popular Auto Dealers Pvt.Ltd,WKA050118002
KA05,Popular Auto Dealers Pvt.Ltd,WKA0538571
KA05,Popular Auto Dealers Pvt.Ltd,WKA0543004
KA05,Popular Auto Dealers Pvt.Ltd,WKA0501214
KA05,Popular Auto Dealers Pvt.Ltd,WKA0500982
KA05,Popular Auto Dealers Pvt.Ltd,WKA0501121
KA05,Popular Auto Dealers Pvt.Ltd,WKA0501159
KA05,Popular Auto Dealers Pvt.Ltd,WKA0556821
KA05,Popular Auto Dealers Pvt.Ltd,WKA0510348
KA05,Popular Auto Dealers Pvt.Ltd,WKA0546206
KA05,Popular Auto Dealers Pvt.Ltd,WKA0500999
KA05,Popular Auto Dealers Pvt.Ltd,WKA0501133
KA05,Popular Auto Dealers Pvt.Ltd,WKA0541671
KA05,Popular Auto Dealers Pvt.Ltd,WKA0501128
KA05,Popular Auto Dealers Pvt.Ltd,WKA0549755
KA05,Popular Auto Dealers Pvt.Ltd,WKA0501206
KA05,Popular Auto Dealers Pvt.Ltd,WKA0511383
KA05,Popular Auto Dealers Pvt.Ltd,WKA0501131
KA05,Popular Auto Dealers Pvt.Ltd,WKA0510816
KA05,Popular Auto Dealers Pvt.Ltd,WKA0534595
KA05,Popular Auto Dealers Pvt.Ltd,WKA0511602
KA05,Popular Auto Dealers Pvt.Ltd,WKA050155293
KA05,Popular Auto Dealers Pvt.Ltd,WKA0521975
KA05,Popular Auto Dealers Pvt.Ltd,WKA0501203
KA05,Popular Auto Dealers Pvt.Ltd,WKA0549758
KA05,Popular Auto Dealers Pvt.Ltd,WKA0500985
KA05,Popular Auto Dealers Pvt.Ltd,WKA0501153
KA05,Popular Auto Dealers Pvt.Ltd,WKA0557294
KA05,Popular Auto Dealers Pvt.Ltd,WKA0500958
KA05,Popular Auto Dealers Pvt.Ltd,WKA0571490
KA05,Popular Auto Dealers Pvt.Ltd,WKA0501154
KA05,Popular Auto Dealers Pvt.Ltd,WKA0500965
KA05,Popular Auto Dealers Pvt.Ltd,WKA0501246
KA05,Popular Auto Dealers Pvt.Ltd,WKA0545409
KA05,Popular Auto Dealers Pvt.Ltd,WKA0501155
KA05,Popular Auto Dealers Pvt.Ltd,WKA0549704
KA05,Popular Auto Dealers Pvt.Ltd,WKA0550891
KA05,Popular Auto Dealers Pvt.Ltd,WKA0550431
KA05,Popular Auto Dealers Pvt.Ltd,WKA0543003
KA05,Popular Auto Dealers Pvt.Ltd,WKA0552679
KA05,Popular Auto Dealers Pvt.Ltd,WKA0549750
KA05,Popular Auto Dealers Pvt.Ltd,WKA0550363
KA05,Popular Auto Dealers Pvt.Ltd,WKA050128024
KA05,Popular Auto Dealers Pvt.Ltd,WKA0501209
KA05,Popular Auto Dealers Pvt.Ltd,WKA050123704
KA05,Popular Auto Dealers Pvt.Ltd,WKA0501162
KA05,Popular Auto Dealers Pvt.Ltd,WKA0501149
KA05,Popular Auto Dealers Pvt.Ltd,WKA0501157
KA05,Popular Auto Dealers Pvt.Ltd,WKA0501014
KA05,Popular Auto Dealers Pvt.Ltd,WKA0500971
KA05,Popular Auto Dealers Pvt.Ltd,WKA0557910
KA05,Popular Auto Dealers Pvt.Ltd,WKA0547590
KA05,Popular Auto Dealers Pvt.Ltd,WKA0558754
KA05,Popular Auto Dealers Pvt.Ltd,WKA0511364
KA05,Popular Auto Dealers Pvt.Ltd,WKA0501158
KA05,Popular Auto Dealers Pvt.Ltd,WKA0550208
KA05,Popular Auto Dealers Pvt.Ltd,WKA0501208
KA05,Popular Auto Dealers Pvt.Ltd,WKA0500996
KA05,Popular Auto Dealers Pvt.Ltd,WKA0501160
KA05,Popular Auto Dealers Pvt.Ltd,WKA0500961
KA05,Popular Auto Dealers Pvt.Ltd,WKA0501156
KA05,Popular Auto Dealers Pvt.Ltd,WKA0557350
KA05,Popular Auto Dealers Pvt.Ltd,WKA0501491
KA05,Popular Auto Dealers Pvt.Ltd,WKA0501003
KA05,Popular Auto Dealers Pvt.Ltd,WKA0556459
KA05,Popular Auto Dealers Pvt.Ltd,WKA0550442
KA05,Popular Auto Dealers Pvt.Ltd,WKA0501105
KA05,Popular Auto Dealers Pvt.Ltd,WKA0501114
KA05,Popular Auto Dealers Pvt.Ltd,WKA0501252
KA05,Popular Auto Dealers Pvt.Ltd,WKA0550290
KA05,Popular Auto Dealers Pvt.Ltd,WKA0552710
KA05,Popular Auto Dealers Pvt.Ltd,WKA0543006
KA05,Popular Auto Dealers Pvt.Ltd,WKA0533318
KA05,Popular Auto Dealers Pvt.Ltd,WKA0563810
KA05,Popular Auto Dealers Pvt.Ltd,WKA0549782
KA05,Popular Auto Dealers Pvt.Ltd,WKA0501258
KA05,Popular Auto Dealers Pvt.Ltd,WKA0516901
KA05,Popular Auto Dealers Pvt.Ltd,WKA0501251
KA05,Popular Auto Dealers Pvt.Ltd,WKA0559610
KA05,Popular Auto Dealers Pvt.Ltd,WKA0501111
KA05,Popular Auto Dealers Pvt.Ltd,WKA0500964
KA05,Popular Auto Dealers Pvt.Ltd,WKA050156606
KA05,Popular Auto Dealers Pvt.Ltd,WKA0527704
KA05,Popular Auto Dealers Pvt.Ltd,WKA0538754
KA05,Popular Auto Dealers Pvt.Ltd,WKA0518054
KA05,Popular Auto Dealers Pvt.Ltd,WKA0549759
KA05,Popular Auto Dealers Pvt.Ltd,WKA0501257
KA05,Popular Auto Dealers Pvt.Ltd,WKA0501249
KA05,Popular Auto Dealers Pvt.Ltd,WKA0550671
KA05,Popular Auto Dealers Pvt.Ltd,WKA0500960
KA05,Popular Auto Dealers Pvt.Ltd,WKA0550199
KA05,Popular Auto Dealers Pvt.Ltd,WKA0501242
KA05,Popular Auto Dealers Pvt.Ltd,WKA0500974
KA05,Popular Auto Dealers Pvt.Ltd,WKA0550198
KA05,Popular Auto Dealers Pvt.Ltd,WKA0501248
KA05,Popular Auto Dealers Pvt.Ltd,WKA0562092
KA05,Popular Auto Dealers Pvt.Ltd,WKA0524648
